Date,0
2008-01-03,0.0
2008-01-04,-62.564668919521864
2008-01-07,10.295278356788913
2008-01-08,11.187288625103974
2008-01-09,-38.56538805785294
2008-01-10,-20.68459803757105
2008-01-11,-16.68638829905558
2008-01-14,10.374501736618186
2008-01-15,-95.10876687664495
2008-01-16,-38.09842671660681
2008-01-17,-47.65305590171329
2008-01-18,-77.3505738683516
2008-01-21,-294.78640482632227
2008-01-22,30.844487978652978
2008-01-23,-184.3443021978519
2008-01-24,212.8015061531837
2008-01-25,-22.7088679766116
2008-01-28,-24.60072474814433
2008-01-29,60.57505322480665
2008-01-30,-27.250337460924584
2008-01-31,17.64863427126602
2008-02-01,67.03921820295591
2008-02-04,-0.9640607294663823
2008-02-05,-147.34604334423375
2008-02-06,44.127588565356746
2008-02-07,-61.187327150188594
2008-02-08,-6.447876718416865
2008-02-11,-26.942259071327044
2008-02-12,116.70854547355293
2008-02-13,13.693877558428085
2008-02-14,-2.721585910765498
2008-02-15,-75.6691028377436
2008-02-18,28.736213704708007
2008-02-19,53.091454591569345
2008-02-20,-44.12389156099971
2008-02-21,20.389680333844808
2008-02-22,-48.778862734685845
2008-02-25,61.17824439964261
2008-02-26,65.2483090360447
2008-02-27,4.105560629710908
2008-02-28,-72.11066771995365
2008-02-29,-67.17827416408818
2008-03-03,-47.024129778341376
2008-03-04,-65.28342993439765
2008-03-05,66.44849685448662
2008-03-06,-76.76353513981849
2008-03-07,-46.856797376675786
2008-03-10,-24.78562462108721
2008-03-11,59.048847638284315
2008-03-12,42.361030033321185
2008-03-13,-56.61302921643755
2008-03-14,-33.03411146921553
2008-03-17,-130.48090089721882
2008-03-18,126.87594629532396
2008-03-19,-31.202703232395834
2008-03-20,-13.865448870370074
2008-03-25,106.17951875119024
2008-03-26,-14.778649327663516
2008-03-27,56.29123642714285
2008-03-28,-13.89462575053767
2008-03-31,-22.539024641560445
2008-04-01,129.09885770189248
2008-04-02,56.41448888683544
2008-04-03,-12.806777127501391
2008-04-04,16.371322499920097
2008-04-07,27.770863754240054
2008-04-08,-7.897355518664881
2008-04-09,-25.519723745645024
2008-04-10,-22.24849686970674
2008-04-11,-68.88024144065776
2008-04-14,-33.20198204062444
2008-04-15,22.937260167615477
2008-04-16,59.26047439053036
2008-04-17,-26.083700525672157
2008-04-18,76.50351507213509
2008-04-21,-31.681300257081602
2008-04-22,-26.04439222356632
2008-04-23,32.24798215261035
2008-04-24,-12.003951226616664
2008-04-25,30.144941231136272
2008-04-28,23.758723146297143
2008-04-29,-13.442152819880448
2008-04-30,33.30025113909642
2008-05-02,48.2541124585523
2008-05-05,-4.897638287437076
2008-05-06,-21.086436072524975
2008-05-07,30.184564480823155
2008-05-08,-15.700203488637726
2008-05-09,-57.82009946193057
2008-05-13,11.574316859158898
2008-05-14,40.46915086162062
2008-05-15,2.037455241466432
2008-05-16,8.14221773311283
2008-05-19,15.638563711471761
2008-05-20,-58.61316334075127
2008-05-21,-24.736337240726698
2008-05-22,-1.7131825707892858
2008-05-23,-73.43854794555182
2008-05-26,-7.520175980526346
2008-05-27,-16.54346833039608
2008-05-28,32.834339728577106
2008-05-29,12.12341420181292
2008-05-30,20.850711001149648
2008-06-02,-56.423668372449356
2008-06-03,16.52590236779679
2008-06-04,-32.480251951720675
2008-06-05,-20.678809966163044
2008-06-06,-90.00844663922271
2008-06-09,-9.969837488716621
2008-06-10,-19.96777125181643
2008-06-11,-67.39870622973467
2008-06-12,29.23752810140968
2008-06-13,11.175667407469973
2008-06-16,-28.88199711424886
2008-06-17,27.183575289167493
2008-06-18,-46.443014490818314
2008-06-19,-25.240123325843342
2008-06-20,-63.87103551902601
2008-06-23,-4.64215318047809
2008-06-24,-20.560270455533555
2008-06-25,51.25299203138002
2008-06-26,-94.1502676599248
2008-06-27,-33.7174682595778
2008-06-30,14.79424561011956
2008-07-01,-61.81487273663788
2008-07-02,-4.8708375300684565
2008-07-03,32.56742369249423
2008-07-04,-1.2320275884922012
2008-07-07,7.582805542861479
2008-07-08,-41.83466056910311
2008-07-09,50.6647829188596
2008-07-10,-60.2775375419601
2008-07-11,-88.22078682740039
2008-07-14,18.59108677629547
2008-07-15,-78.24129138478702
2008-07-16,27.561181949069578
2008-07-17,77.0078971633543
2008-07-18,65.19377984755602
2008-07-21,23.288220763799472
2008-07-22,-3.8266124560618664
2008-07-23,63.97943213736471
2008-07-24,-29.900804541663547
2008-07-25,-1.8594760307478282
2008-07-28,-36.768444259903845
2008-07-29,6.966064138510319
2008-07-30,44.56357070452532
2008-07-31,-0.3481698197088008
2008-08-04,-76.62162839879647
2008-08-05,86.55730925978924
2008-08-06,32.93862912631812
2008-08-07,-8.688428705998831
2008-08-08,14.102636202168014
2008-08-11,32.32165437649337
2008-08-12,-2.2873574593945705
2008-08-13,-78.30974238136059
2008-08-14,-1.170426329768361
2008-08-15,4.809778482103411
2008-08-18,-3.283848149395453
2008-08-19,-83.67203718798055
2008-08-20,10.215937877388114
2008-08-21,-48.0308950709682
2008-08-22,58.294158305369365
2008-08-25,-28.340273217909726
2008-08-26,11.867856938205477
2008-08-27,6.167090672128779
2008-08-28,57.6112446242596
2008-08-29,14.166082783798629
2008-09-01,-2.8798772667960293
2008-09-02,54.46965330421972
2008-09-03,-45.93555704846949
2008-09-04,-90.5304586558982
2008-09-05,-93.13884947062525
2008-09-08,87.91178476995492
2008-09-09,-23.182740269659007
2008-09-10,-21.63035793696008
2008-09-11,-19.326685936395734
2008-09-12,50.74763291497129
2008-09-15,-118.49638902124843
2008-09-16,-69.32836816993677
2008-09-17,-75.99628416073347
2008-09-18,-30.6750786959974
2008-09-19,254.1645574702452
2008-09-22,-66.59820369680983
2008-09-23,-41.33587366728352
2008-09-24,-18.46307107317716
2008-09-25,84.55805248908246
2008-09-26,-34.142743318723205
2008-09-29,-157.7423564114515
2008-09-30,17.1756449667173
2008-10-01,22.73877968832494
2008-10-02,-48.54892693881766
2008-10-03,106.76061687782294
2008-10-06,-254.25924981610706
2008-10-07,-4.070609403356684
2008-10-08,-177.80541053131947
2008-10-09,-76.54088637433779
2008-10-10,-211.15968608195908
2008-10-13,226.518708249464
2008-10-14,77.2137498551565
2008-10-15,-173.75171156369515
2008-10-16,-140.39669116950608
2008-10-17,83.28425319350481
2008-10-20,83.49687907374846
2008-10-21,-12.416803305723079
2008-10-22,-138.2660791747344
2008-10-23,-17.693266890387804
2008-10-24,-115.72039252991635
2008-10-27,-4.15578074074665
2008-10-28,43.488386155729586
2008-10-29,118.24771094104835
2008-10-30,21.966394295765895
2008-10-31,72.65874543072414
2008-11-03,33.55583872473426
2008-11-04,144.00960157150166
2008-11-05,-36.91867690424624
2008-11-06,-169.54755167217036
2008-11-07,64.26103852705137
2008-11-10,21.843203652115335
2008-11-11,-142.20283430972404
2008-11-12,-95.33009045843346
2008-11-13,14.984690979601965
2008-11-14,32.93126747113956
2008-11-17,-86.24529589483427
2008-11-18,13.498153072335754
2008-11-19,-106.1240474565052
2008-11-20,-72.05872731987802
2008-11-21,-51.84768037193271
2008-11-24,203.94491350528278
2008-11-25,4.198503865132352
2008-11-26,-18.43978883900445
2008-11-27,67.88469841144297
2008-11-28,11.071070433680234
2008-12-01,-130.92872100918248
2008-12-02,48.16031027999952
2008-12-03,6.990992067971092
2008-12-04,3.4768056327088743
2008-12-05,-102.23993447073872
2008-12-08,184.8373398863264
2008-12-09,32.0142496487415
2008-12-10,14.284357123503469
2008-12-11,7.260097726097229
2008-12-12,-67.70020618610533
2008-12-15,-7.974061022196565
2008-12-16,33.0575563277057
2008-12-17,-7.038801457738828
2008-12-18,10.03033875105075
2008-12-19,-4.946073582588269
2008-12-22,-47.38469280596382
2008-12-23,-18.023678406942963
2008-12-24,-3.770670227102528
2008-12-29,5.7475416563443105
2008-12-30,63.838751186508944
2008-12-31,0.968072981619116
2009-01-05,102.46288978874009
2009-01-06,32.66522652619051
2009-01-07,-34.72266236382393
2009-01-08,-16.953403616241758
2009-01-09,-34.482669495829214
2009-01-12,-35.33055639133272
2009-01-13,-43.52807568566368
2009-01-14,-117.64406167188554
2009-01-15,-49.248884500932945
2009-01-16,17.540712496382184
2009-01-19,-32.48430875493523
2009-01-20,-53.91107569785436
2009-01-21,-19.10292673525055
2009-01-22,-31.16265530427063
2009-01-23,-11.578050760290807
2009-01-26,77.35591145544186
2009-01-27,-4.212403079598062
2009-01-28,97.88523883293192
2009-01-29,-44.61784778466654
2009-01-30,-29.86015977738907
2009-02-02,-34.482871593978416
2009-02-03,36.51061405339169
2009-02-04,55.25936075469963
2009-02-05,-4.724448365097487
2009-02-06,55.28418929339705
2009-02-09,7.690513286614532
2009-02-10,-77.38750645371374
2009-02-11,-1.0426436971110888
2009-02-12,-56.46731445903379
2009-02-13,9.280258051532655
2009-02-16,-0.40131586300640265
2009-02-17,-112.92773628687246
2009-02-18,-4.586435566466662
2009-02-19,-7.619680475348559
2009-02-20,-104.77874004878299
2009-02-23,-25.10592920293243
2009-02-24,-23.26450810231472
2009-02-25,-15.641087271221295
2009-02-26,57.4822914888025
2009-02-27,-45.843363701853605
2009-03-02,-96.22669978704425
2009-03-03,-22.31536542402614
2009-03-04,75.95079245817442
2009-03-05,-87.31242439259609
2009-03-06,-41.768414641352365
2009-03-09,-14.314320761605131
2009-03-10,106.26301733827972
2009-03-11,26.366857768351565
2009-03-12,28.838918209339226
2009-03-13,6.550532581731659
2009-03-16,62.67047153385511
2009-03-17,-6.317040507747151
2009-03-18,10.210622898825022
2009-03-19,18.362323961241145
2009-03-20,4.047188271353434
2009-03-23,77.35192599510833
2009-03-24,14.723449512294792
2009-03-25,25.38887263741799
2009-03-26,5.68752487603706
2009-03-27,-40.26748011190011
2009-03-30,-102.22946780166671
2009-03-31,58.51094197892667
2009-04-01,23.579435083078806
2009-04-02,112.06973382983006
2009-04-03,-10.851242289020774
2009-04-06,-15.483445240555284
2009-04-07,-3.1119117736138833
2009-04-08,17.421967289483746
2009-04-09,60.78027097277345
2009-04-14,27.859044768623335
2009-04-15,-9.570552614824464
2009-04-16,43.09438010103031
2009-04-17,44.811913220639326
2009-04-20,-91.27522228566522
2009-04-21,-10.04706068793439
2009-04-22,40.66711345438853
2009-04-23,-22.988454345171704
2009-04-24,62.58985991117379
2009-04-27,-6.584488456251165
2009-04-28,-38.38102190151676
2009-04-29,59.764896520814546
2009-04-30,44.83922658525262
2009-05-04,46.75637402970233
2009-05-05,-13.130754361373874
2009-05-06,29.050050366678533
2009-05-07,-21.712891419118932
2009-05-08,59.814899278371286
2009-05-11,-27.834381107768877
2009-05-12,-18.155831723468964
2009-05-13,-64.42576789553368
2009-05-14,-4.126489587460583
2009-05-15,14.727800380036115
2009-05-18,49.89297621971309
2009-05-19,34.8686027005333
2009-05-20,29.66093315000353
2009-05-22,-41.494075272575174
2009-05-25,8.627169756466174
2009-05-26,25.418254968913516
2009-05-27,5.3746718096031145
2009-05-28,-22.47844429165025
2009-05-29,0.4576342291388755
2009-06-02,84.99048342052356
2009-06-03,-50.5044670137554
2009-06-04,0.8190536116881049
2009-06-05,17.549854472512834
2009-06-08,-32.65486703866918
2009-06-09,15.095891041810319
2009-06-10,15.543714027038732
2009-06-11,18.593276694685756
2009-06-12,-9.115919552424657
2009-06-15,-73.9057798382205
2009-06-16,-7.522633992894953
2009-06-17,-47.98659677479873
2009-06-18,24.54881830775912
2009-06-19,21.883747412016874
2009-06-22,-75.8089377893657
2009-06-23,-6.4045338916330365
2009-06-24,60.44028196887257
2009-06-25,-14.354377255921918
2009-06-26,-10.166301023548385
2009-06-29,46.141566711937685
2009-06-30,-35.449576665987024
2009-07-01,50.721354374197745
2009-07-02,-77.21784896702502
2009-07-03,1.0809990806342284
2009-07-06,-31.73753861969317
2009-07-07,-28.620448990849127
2009-07-08,-26.725409414698788
2009-07-09,14.839919603084127
2009-07-10,-32.217940096300936
2009-07-13,60.30426911227369
2009-07-14,30.35120669040998
2009-07-15,80.9623506800367
2009-07-16,15.423735640039013
2009-07-17,10.373357033119646
2009-07-20,38.54817892724532
2009-07-21,21.661841458552317
2009-07-22,13.64262948096939
2009-07-23,55.522000235858286
2009-07-24,-0.4647572340018087
2009-07-27,22.358259600740894
2009-07-28,-22.94514052605382
2009-07-29,25.143793506167185
2009-07-30,55.382349668176175
2009-07-31,-16.29293755817025
2009-08-03,40.0177318451465
2009-08-04,-0.5675268992667952
2009-08-05,-26.772538366907156
2009-08-06,19.549619259802057
2009-08-07,42.19813261461377
2009-08-10,-9.488541507624177
2009-08-11,-41.45105077989501
2009-08-12,35.721431581946035
2009-08-13,18.01254776960559
2009-08-14,-34.21017222918363
2009-08-17,-66.37304488891596
2009-08-18,20.762171998963368
2009-08-19,-7.287433774697547
2009-08-20,40.82734023460125
2009-08-21,83.22638569278115
2009-08-24,32.46929884023211
2009-08-25,30.041062538771712
2009-08-26,-5.524612902910121
2009-08-27,-7.685161250424699
2009-08-28,25.782428518081815
2009-08-31,-35.63510361053022
2009-09-01,-55.28544114395345
2009-09-02,-13.007906974117304
2009-09-03,-6.662185898364896
2009-09-04,41.99858309353931
2009-09-07,-1.6859272851384048
2009-09-08,41.923858275872135
2009-09-09,40.193442964497535
2009-09-10,1.5103131927749018
2009-09-11,17.19479763358686
2009-09-14,-4.2590259633479945
2009-09-15,14.51288813750216
2009-09-16,43.09709883760934
2009-09-17,16.17276500602793
2009-09-18,-7.447185203088793
2009-09-21,-15.85629278617489
2009-09-22,9.885234244237381
2009-09-23,9.06136287193749
2009-09-24,-48.87030580436158
2009-09-25,-11.32050060800566
2009-09-28,63.72237050727017
2009-09-29,-2.595101336015432
2009-09-30,-15.52429470865627
2009-10-01,-64.12618410067671
2009-10-02,-56.49665944399612
2009-10-05,29.233361743185014
2009-10-06,74.9172529255361
2009-10-07,-11.915866688466394
2009-10-08,32.29841234950436
2009-10-09,-2.943325704077324
2009-10-12,37.791078665696205
2009-10-13,-27.016299536263887
2009-10-14,65.26672139637776
2009-10-15,-11.993217918774008
2009-10-16,-45.79622388272219
2009-10-19,61.775261586949
2009-10-20,-22.52811242104508
2009-10-21,9.579255445362833
2009-10-22,-37.94675377928161
2009-10-23,-17.958486941073716
2009-10-26,-45.08130916620394
2009-10-27,-4.118834983096349
2009-10-28,-61.87501964312605
2009-10-29,36.75751195878638
2009-10-30,-77.09890166645846
2009-11-02,17.620513519040287
2009-11-03,-48.75020131393467
2009-11-04,39.15350498740736
2009-11-05,33.72728412323522
2009-11-06,0.403147704098501
2009-11-09,74.21575343648783
2009-11-10,-3.963916238955335
2009-11-11,26.28408369265071
2009-11-12,-0.9924334867860125
2009-11-13,8.087259962273947
2009-11-16,47.312166324165446
2009-11-17,-20.15254453284524
2009-11-18,1.0758546185647901
2009-11-19,-47.445303118222
2009-11-20,-27.44560155541103
2009-11-23,65.20797879596603
2009-11-24,-23.48259085554173
2009-11-25,17.374679708706935
2009-11-26,-95.7561554400263
2009-11-27,29.47444641598031
2009-11-30,-29.704026293843526
2009-12-01,66.15237522672851
2009-12-02,8.306050152436
2009-12-03,-5.464132271139988
2009-12-04,44.265852483628805
2009-12-07,-12.552386172083516
2009-12-08,-45.35601207607306
2009-12-09,-37.75862944101573
2009-12-10,29.949877052866213
2009-12-11,14.750109432968202
2009-12-14,24.448327683040134
2009-12-15,1.5885148260881579
2009-12-16,35.04523813072683
2009-12-17,-28.10413789822678
2009-12-18,-16.82497101719946
2009-12-21,54.42061973527825
2009-12-22,14.944739461792324
2009-12-23,13.530996012734704
2009-12-24,4.561456644186819
2009-12-28,28.347581472379716
2009-12-29,12.148654495789742
2009-12-30,-27.85637213721975
2009-12-31,-1.0420348543166256
2010-01-04,52.77452296482079
2010-01-05,-0.6405679949562
2010-01-06,-2.388167638945106
2010-01-07,-4.874189000164279
2010-01-08,9.494888526458908
2010-01-11,-1.9537449978497534
2010-01-12,-32.5436503364931
2010-01-13,-2.6939255544039042
2010-01-14,6.886573939400932
2010-01-15,-47.78413272904436
2010-01-18,19.028972914501082
2010-01-19,25.665071815300962
2010-01-20,-73.1621404940297
2010-01-21,-53.47237895324906
2010-01-22,-29.326062010623446
2010-01-25,-31.09387092763336
2010-01-26,17.114489342003253
2010-01-27,-46.66704514753246
2010-01-28,-54.60998592616761
2010-01-29,40.072252810009104
2010-02-01,18.41100707896294
2010-02-02,36.792374128114716
2010-02-03,-27.792666765306876
2010-02-04,-99.43873415829876
2010-02-05,-73.12564977954207
2010-02-08,29.640982523738785
2010-02-09,-1.1380993660650347
2010-02-10,23.03338823709373
2010-02-11,-20.591210169585793
2010-02-12,-1.8114774491345997
2010-02-15,17.396750878757757
2010-02-16,33.54241573659692
2010-02-17,37.726882126504734
2010-02-18,16.076885273956123
2010-02-19,24.060219151883302
2010-02-22,-8.066985009037126
2010-02-23,-48.97755106135992
2010-02-24,-2.654047427621663
2010-02-25,-52.72214576192755
2010-02-26,45.48038771665233
2010-03-01,47.37089082554894
2010-03-02,19.773510908253684
2010-03-03,27.307080595623574
2010-03-04,-3.639606287827064
2010-03-05,69.81722151269605
2010-03-08,6.956556040495343
2010-03-09,-1.6941837556496466
2010-03-10,27.579569993486984
2010-03-11,-10.647777611702622
2010-03-12,10.461621099988406
2010-03-15,-28.110840956720494
2010-03-16,28.15335766984026
2010-03-17,24.89301554150279
2010-03-18,-13.177966153955367
2010-03-19,-10.171496825477334
2010-03-22,-10.951411744194957
2010-03-23,15.853876539410066
2010-03-24,-5.945971499730604
2010-03-25,46.82669769358063
2010-03-26,-3.8708492592936636
2010-03-29,4.54936857378425
2010-03-30,-6.9384774398217814
2010-03-31,-8.582242501077417
2010-04-01,51.18042380895349
2010-04-06,11.180546053108174
2010-04-07,-15.58579275587499
2010-04-08,-32.560186623443315
2010-04-09,51.724751255917
2010-04-12,13.826089504519132
2010-04-13,-14.835834533426805
2010-04-14,17.231790810441908
2010-04-15,3.2111477475291395
2010-04-16,-56.4666383286235
2010-04-19,-9.187115578085013
2010-04-20,38.2133821712423
2010-04-21,-40.20538009968459
2010-04-22,-49.30882157820497
2010-04-23,20.55422545472993
2010-04-26,28.514755289326786
2010-04-27,-108.62449541977276
2010-04-28,-57.59865895284884
2010-04-29,34.51883479572962
2010-04-30,-10.204038947301797
2010-05-03,1.8295562584780782
2010-05-04,-114.79231331468418
2010-05-05,-38.30949859156863
2010-05-06,-66.39805226370754
2010-05-07,-114.17888586307254
2010-05-10,250.28766862757038
2010-05-11,-32.65959351100355
2010-05-12,34.88374795505433
2010-05-14,-115.42143059024238
2010-05-17,-4.7268361373417065
2010-05-18,70.69668538012183
2010-05-19,-91.55387331343672
2010-05-20,-52.30457519884749
2010-05-21,-1.6049247936343818
2010-05-25,-80.22375538208553
2010-05-26,40.69006595321298
2010-05-27,80.09017691632926
2010-05-28,-10.614825652301988
2010-05-31,4.747585653023634
2010-06-01,3.9664245792773727
2010-06-02,-2.114279990419618
2010-06-03,27.75113813508642
2010-06-04,-85.11926890481845
2010-06-07,-24.187645917398186
2010-06-08,-15.197796605940312
2010-06-09,42.171002382616734
2010-06-10,49.421909112067624
2010-06-11,24.976618961917666
2010-06-14,52.919267842243244
2010-06-15,42.55217404661789
2010-06-16,8.972430173992052
2010-06-17,7.27447793721376
2010-06-18,6.67764048996969
2010-06-21,35.688195498645655
2010-06-22,-14.66562088962246
2010-06-23,-42.156553329788494
2010-06-24,-65.85513848007804
2010-06-25,-22.269248650485224
2010-06-28,41.48341235593989
2010-06-29,-110.91301261775106
2010-06-30,8.36712490136415
2010-07-01,-61.283143940250284
2010-07-02,-0.45736956269865914
2010-07-05,-6.883875321197593
2010-07-06,63.52620057571676
2010-07-07,56.037554015021215
2010-07-08,30.96258364629466
2010-07-09,26.327298715558754
2010-07-12,10.745200814349573
2010-07-13,54.367954618447584
2010-07-14,0.029808923365635565
2010-07-15,-35.497680445842434
2010-07-16,-53.946403000323244
2010-07-19,-11.8018846269174
2010-07-20,-9.899830420541093
2010-07-21,5.494256173396025
2010-07-22,72.46358879415084
2010-07-23,9.265875243469054
2010-07-26,30.384840803603765
2010-07-27,29.512460394433674
2010-07-28,-4.308709284869565
2010-07-29,-10.37874309887411
2010-07-30,-9.54448145326387
2010-08-02,81.21765166885416
2010-08-03,-1.1743912247106891
2010-08-04,5.302383637156254
2010-08-05,-3.2013947225486845
2010-08-06,-38.89529942538002
2010-08-09,51.3049700704305
2010-08-10,-29.158180380763497
2010-08-11,-80.18642677921889
2010-08-12,-6.324207729749105
2010-08-13,-13.321922638180695
2010-08-16,-8.94769045774592
2010-08-17,35.12240557648465
2010-08-18,-14.21873764206066
2010-08-19,-52.091646192205644
2010-08-20,-27.418660893290962
2010-08-23,15.36066739373382
2010-08-24,-50.5785751565345
2010-08-25,-34.34487492101698
2010-08-26,17.319817849660467
2010-08-27,25.846225117647464
2010-08-30,-9.813447138640186
2010-08-31,1.7910692310715604
2010-09-01,88.90153199886117
2010-09-02,6.646594769693365
2010-09-03,39.33764639542687
2010-09-06,10.874970058219787
2010-09-07,-30.589490436504093
2010-09-08,27.82114114875958
2010-09-09,32.49294005853244
2010-09-10,2.445834792237747
2010-09-13,23.2285371049652
2010-09-14,-0.8334767464880315
2010-09-15,-9.36353350461377
2010-09-16,-4.428790623039276
2010-09-17,-28.01606443814353
2010-09-20,40.264029022513114
2010-09-21,-9.72289355050998
2010-09-22,-39.849904777819575
2010-09-23,-11.34582109954954
2010-09-24,50.482737215748784
2010-09-27,-16.572311113208798
2010-09-28,-3.4629656131619413
2010-09-29,-20.03077548763622
2010-09-30,-5.016157409539574
2010-10-01,-12.865970336597456
2010-10-04,-36.80298270495405
2010-10-05,53.9541861239918
2010-10-06,22.535760849421422
2010-10-07,11.27565772955677
2010-10-08,1.541518310712945
2010-10-11,1.5559159628633097
2010-10-12,-12.12494396979082
2010-10-13,65.96301530748133
2010-10-14,-0.46249832931152923
2010-10-15,4.2840499153126075
2010-10-18,10.327351117813123
2010-10-19,-13.142952738197891
2010-10-20,19.16805363219555
2010-10-21,30.095573571696605
2010-10-22,-9.744976400929772
2010-10-25,-2.709832439227739
2010-10-26,-12.648078405012711
2010-10-27,-25.037381586657375
2010-10-28,14.710359487313326
2010-10-29,-4.725955983985841
2010-11-01,-9.82066096297558
2010-11-02,26.418188684583583
2010-11-03,-28.209059070916283
2010-11-04,52.823647405439715
2010-11-05,-8.348338590877574
2010-11-08,-9.168299968510382
2010-11-09,27.24191820048327
2010-11-10,-44.544213093573944
2010-11-11,-14.824727029688802
2010-11-12,-12.97044907806685
2010-11-15,23.254074327489434
2010-11-16,-63.52398320612201
2010-11-17,17.608175391951136
2010-11-18,51.74504301979323
2010-11-19,-10.63479372642496
2010-11-22,-29.996690375207436
2010-11-23,-74.19349462319497
2010-11-24,15.60216140030434
2010-11-25,6.211111179838554
2010-11-26,-30.817853396612463
2010-11-29,-69.41765251476863
2010-11-30,-25.02983869792206
2010-12-01,71.41490227247141
2010-12-02,61.75427205485266
2010-12-03,2.2991649787468305
2010-12-06,-13.964724733522871
2010-12-07,35.27395041649743
2010-12-08,24.973174981651482
2010-12-09,25.53136619061206
2010-12-10,-4.924917817450023
2010-12-13,11.37098314875584
2010-12-14,12.787712673573424
2010-12-15,-12.461440584436332
2010-12-16,3.536540238440921
2010-12-17,-31.671976350036402
2010-12-20,13.88123803423241
2010-12-21,43.62575942819876
2010-12-22,-2.0953909304716944
2010-12-23,-6.287545579397374
2010-12-27,-43.96229796436137
2010-12-28,-3.1318484401590467
2010-12-29,22.762416283751918
2010-12-30,-33.442365115126904
2011-01-03,26.095475000355236
2011-01-04,0.0879632465926079
2011-01-05,-6.887369517920888
2011-01-06,10.316992372810546
2011-01-07,-30.053917993274354
2011-01-10,-53.37081044057095
2011-01-11,30.376971338647763
2011-01-12,86.14046497074787
2011-01-13,43.68196604085233
2011-01-14,6.70879483292174
2011-01-17,-12.345673875077864
2011-01-18,38.053179109327175
2011-01-19,-12.103558993795104
2011-01-20,4.857035140591506
2011-01-21,37.46827053182915
2011-01-24,4.437403374303358
2011-01-25,-13.702070455708053
2011-01-26,15.685342218358073
2011-01-27,21.20373573914003
2011-01-28,-40.048528619637636
2011-01-31,-3.018400352518711
2011-02-01,56.417479034838834
2011-02-02,11.374333683670557
2011-02-03,-16.596929005374932
2011-02-04,2.373781212671929
2011-02-07,27.590754823697807
2011-02-08,19.19189516244296
2011-02-09,-6.8223510015695865
2011-02-10,-10.335079611793844
2011-02-11,-5.939951323869536
2011-02-14,-3.123431067425372
2011-02-15,17.224186682222808
2011-02-16,30.953254914677927
2011-02-17,-1.458977105336544
2011-02-18,2.8168991058114443
2011-02-21,-50.221843942648775
2011-02-22,-26.927199145194663
2011-02-23,-31.984236026733015
2011-02-24,-15.260219803043128
2011-02-25,33.47572004120639
2011-02-28,30.569677706706443
2011-03-01,-24.84790892348383
2011-03-02,-26.496201279793695
2011-03-03,6.48065972844779
2011-03-04,-19.54625638790094
2011-03-07,-15.273529977176167
2011-03-08,11.865154467899629
2011-03-09,-14.666608071188875
2011-03-10,-26.329428815928168
2011-03-11,-24.691606507713004
2011-03-14,-32.25903609890429
2011-03-15,-71.53508255814268
2011-03-16,-70.62856792899493
2011-03-17,58.52444334961774
2011-03-18,7.277383966272282
2011-03-21,68.94177306939173
2011-03-22,-3.7329520515218064
2011-03-23,9.36709906040278
2011-03-24,51.66471976741468
2011-03-25,5.355098936388913
2011-03-28,6.60814312947241
2011-03-29,-7.911462076636781
2011-03-30,24.97760729422862
2011-03-31,-19.499509458415105
2011-04-01,53.699316327622
2011-04-04,-7.079162425230152
2011-04-05,-9.219369130264568
2011-04-06,24.34563540362433
2011-04-07,-4.981157826825893
2011-04-08,24.536415154353108
2011-04-11,-13.23762289065462
2011-04-12,-45.42451760412405
2011-04-13,18.767964506023418
2011-04-14,-29.440468786142446
2011-04-15,-0.29467760565421486
2011-04-18,-75.6370012362695
2011-04-19,1.7329723351635948
2011-04-20,67.17312791642553
2011-04-21,17.693972497097548
2011-04-26,21.408318690330816
2011-04-27,18.171298155807563
2011-04-28,30.77692956482133
2011-04-29,15.424950258939134
2011-05-02,1.4342958548968454
2011-05-03,-11.997940245916197
2011-05-04,-52.7824576703274
2011-05-05,-24.561408871351432
2011-05-06,28.72626942235138
2011-05-09,-52.042357642520074
2011-05-10,28.895799380984954
2011-05-11,1.0206195833557103
2011-05-12,-22.485045170856665
2011-05-13,-15.727877243956755
2011-05-16,-19.060030946672214
2011-05-17,-36.96939663533976
2011-05-18,13.961193609201928
2011-05-19,26.74389483952382
2011-05-20,-34.50072183216116
2011-05-23,-62.604084602742205
2011-05-24,-0.2353310554917698
2011-05-25,15.366570251748726
2011-05-26,-13.532099770533478
2011-05-27,18.294214498797373
2011-05-30,-5.071532506224685
2011-05-31,-0.3412829738426808
2011-06-01,13.843459192972205
2011-06-03,-36.33854478206695
2011-06-06,-27.41549345807516
2011-06-07,3.238800555697253
2011-06-08,-22.985131737341362
2011-06-09,28.915632923820795
2011-06-10,-45.15766091473279
2011-06-14,41.33644106280599
2011-06-15,-47.54767410746217
2011-06-16,-2.10241599086703
2011-06-17,44.55928842769072
2011-06-20,-25.925476702203014
2011-06-21,53.81760227814675
2011-06-22,-6.912483386593067
2011-06-23,-60.49300650290161
2011-06-24,-12.69135180957801
2011-06-27,2.594544337895968
2011-06-28,23.567673586964247
2011-06-29,51.94213404101629
2011-06-30,49.34935966635021
2011-07-01,32.89422278233542
2011-07-04,-1.0886865531283547
2011-07-05,-18.127115737837357
2011-07-06,-17.25350894691519
2011-07-07,11.710611762497138
2011-07-08,-54.45974452299197
2011-07-11,-85.24085689932645
2011-07-12,-21.421070575889644
2011-07-13,17.306307928939532
2011-07-14,-82.72256943511229
2011-07-15,37.42615908155267
2011-07-18,-56.44482754119963
2011-07-19,5.95647495682897
2011-07-20,79.34682581793004
2011-07-21,-75.30001669631247
2011-07-22,139.93473447028327
2011-07-25,-27.219781706039157
2011-07-26,-0.49111303569270603
2011-07-27,-36.29510787031131
2011-07-28,-9.784346894351984
2011-07-29,-20.026363666278485
2011-08-02,-132.31601587312161
2011-08-03,-50.26328568625149
2011-08-04,-93.04150790485983
2011-08-05,-45.32602354100709
2011-08-08,-94.95781508687378
2011-08-09,-5.470520910056621
2011-08-10,-142.32155277110087
2011-08-11,52.33263416586624
2011-08-12,93.32460512798934
2011-08-15,12.745369193567512
2011-08-16,5.918925764835421
2011-08-17,5.814171945748512
2011-08-18,-116.57662469522029
2011-08-19,-49.45100858022943
2011-08-22,16.71107087533892
2011-08-23,6.6339880250338865
2011-08-24,39.973610846336214
2011-08-25,-19.214747954526956
2011-08-26,-23.672185934890877
2011-08-29,48.35610635242938
2011-08-30,-1.0888155522693523
2011-08-31,64.00067348036782
2011-09-01,7.94487620082009
2011-09-02,-83.60102484272102
2011-09-05,-112.68941601173356
2011-09-06,-35.56415560824189
2011-09-07,66.05724638147194
2011-09-08,9.694619356896965
2011-09-09,-91.57835686594944
2011-09-12,-83.11103601162722
2011-09-13,39.17763475935931
2011-09-14,49.701992944407266
2011-09-15,71.0759342433953
2011-09-16,0.7167623222371731
2011-09-19,-63.0542832628239
2011-09-20,53.52068644152632
2011-09-21,-34.94578942805856
2011-09-22,-108.37756775959906
2011-09-23,16.59148165106444
2011-09-26,51.5592825270694
2011-09-27,122.06962982107234
2011-09-28,-6.410668193533638
2011-09-29,29.56503628741075
2011-09-30,-32.863239493248784
2011-10-03,-36.79202997363382
2011-10-04,-35.85928693546839
2011-10-05,79.0925913390729
2011-10-06,62.564015866095815
2011-10-07,19.278783843270958
2011-10-10,65.44575617230839
2011-10-11,5.286325030237549
2011-10-12,58.485359531127415
2011-10-13,-42.24237547899838
2011-10-14,20.05824528678386
2011-10-17,-30.272680666382712
2011-10-18,-8.395434490053503
2011-10-19,22.12318471796243
2011-10-20,-67.96531276726728
2011-10-21,65.36642038666605
2011-10-24,37.82654812389046
2011-10-25,-20.612882704986077
2011-10-26,-9.826787164199231
2011-10-27,134.2104162143105
2011-10-28,-4.413357525675565
2011-10-31,-68.64319789924912
2011-11-01,-124.97126904867582
2011-11-02,17.081789624088742
2011-11-03,55.95572152982459
2011-11-04,-55.82082442615592
2011-11-07,-16.00222181014169
2011-11-08,19.41589983909853
2011-11-09,-52.12363966208068
2011-11-10,9.48064055887744
2011-11-11,68.20109713656666
2011-11-14,-40.069114355930196
2011-11-15,-34.6946439575986
2011-11-16,15.30172484236391
2011-11-17,-22.59510806533308
2011-11-18,-6.388672662528734
2011-11-21,-83.12439103516817
2011-11-22,-31.003819673891485
2011-11-23,-38.3656101128513
2011-11-24,-1.6748327089976556
2011-11-25,11.49566409875797
2011-11-28,101.51004474306319
2011-11-29,18.022000701601428
2011-11-30,104.10036253089447
2011-12-01,-3.756894794854361
2011-12-02,26.90540002544003
2011-12-05,30.933137061872458
2011-12-06,-13.026260024513249
2011-12-07,-3.1727736935722533
2011-12-08,-58.685377794308806
2011-12-09,49.60051800239171
2011-12-12,-74.35444184956077
2011-12-13,-10.8888858543869
2011-12-14,-52.84975927161804
2011-12-15,10.660894713801099
2011-12-16,-21.319836987269355
2011-12-19,-6.475364211265969
2011-12-20,62.32414011641458
2011-12-21,-17.498498121582088
2011-12-22,31.6938090600529
2011-12-23,17.6920819038196
2011-12-27,0.2922687031264104
2011-12-28,-30.766313292351242
2011-12-29,35.599039288642416
2011-12-30,25.44326741230452
2012-01-03,72.89388306787987
2012-01-04,-34.39465946430346
2012-01-05,-34.31843056011394
2012-01-06,-14.31103292387752
2012-01-09,-15.323942899224676
2012-01-10,60.90991747028738
2012-01-11,-10.415789330545522
2012-01-12,6.091311691118335
2012-01-13,-4.005573023587203
2012-01-16,25.00401976422154
2012-01-17,38.24576929666773
2012-01-18,-8.220321623350173
2012-01-19,44.776479305705834
2012-01-20,-3.8635121145539415
2012-01-23,18.859836942523543
2012-01-24,-6.792150946473612
2012-01-25,-15.587438799214397
2012-01-26,39.50305364115002
2012-01-27,-21.340744784924027
2012-01-30,-29.326646690137295
2012-01-31,9.362730130130785
2012-02-01,50.027908264111375
2012-02-02,10.930185184720358
2012-02-03,40.29264269262694
2012-02-06,-3.963924352383401
2012-02-07,5.7995738862455255
2012-02-08,1.8451697305686139
2012-02-09,9.418513413440905
2012-02-10,-39.37718577085889
2012-02-13,6.997937315041781
2012-02-14,-3.5816196748633047
2012-02-15,4.634779550636267
2012-02-16,-2.111631226458485
2012-02-17,28.379979738018847
2012-02-20,1.5708821055677618
2012-02-21,21.68355563878049
2012-02-22,-18.870147584477763
2012-02-23,-12.020151556554993
2012-02-24,15.850986741110319
2012-02-27,-12.262115478428314
2012-02-28,7.593064400351977
2012-02-29,-7.873338598867576
2012-03-01,35.84604415253307
2012-03-02,-0.18889871060082442
2012-03-05,-16.231119117986054
2012-03-06,-85.43688533057912
2012-03-07,12.02682140773868
2012-03-08,53.4873737486796
2012-03-09,0.8633354646181033
2012-03-12,0.325405223695725
2012-03-13,39.58954423657042
2012-03-14,23.038855642322233
2012-03-15,25.0805172750961
2012-03-16,15.996497408282266
2012-03-19,-2.3616346311650886
2012-03-20,-30.060390190363705
2012-03-21,-6.580951877676398
2012-03-22,-36.2039807322235
2012-03-23,-10.25955754077404
2012-03-26,9.958799766940501
2012-03-27,-15.954133231616652
2012-03-28,-25.156400699525875
2012-03-29,-45.1757914497789
2012-03-30,19.325608887472754
2012-04-02,21.56383490442522
2012-04-03,-41.39373563203117
2012-04-04,-59.64393483627964
2012-04-05,-10.359036596481928
2012-04-10,-73.83383683074953
2012-04-11,15.011055175613365
2012-04-12,8.568556860221179
2012-04-13,-64.50486723924678
2012-04-16,9.500473409126698
2012-04-17,63.584960645462616
2012-04-18,-35.85892786375962
2012-04-19,-43.27566898017449
2012-04-20,22.5834841916776
2012-04-23,-67.0991751108636
2012-04-24,40.148067605777214
2012-04-25,38.345884579694484
2012-04-26,-4.067453163410846
2012-04-27,24.545255309297318
2012-04-30,-35.67058723291075
2012-05-02,-12.606253612262663
2012-05-03,-4.392327939849565
2012-05-04,-44.09435140003461
2012-05-07,31.87339873545079
2012-05-08,-45.863840813122806
2012-05-09,-10.735371601793759
2012-05-10,21.046471454268612
2012-05-11,2.2821791118899455
2012-05-14,-50.34239161929918
2012-05-15,-25.09094493064913
2012-05-16,-3.7986481541502144
2012-05-18,-33.405120294866265
2012-05-21,2.3842185918101677
2012-05-22,39.286459151080635
2012-05-23,-56.926468353188284
2012-05-24,23.270692985984624
2012-05-25,5.594158628665809
2012-05-29,-4.2842718643942135
2012-05-30,-41.970933481674365
2012-05-31,-1.2634925077318258
2012-06-01,-48.708722741964266
2012-06-04,6.344978207326676
2012-06-05,7.448415079793904
2012-06-06,46.117955158925724
2012-06-07,9.948562429405683
2012-06-08,1.9433232018886883
2012-06-11,-2.3361731755244364
2012-06-12,4.328030406102243
2012-06-13,1.51116018203993
2012-06-14,3.713374486448174
2012-06-15,33.77988112935918
2012-06-18,-24.285010771634916
2012-06-19,42.84771359643037
2012-06-20,11.768619089706135
2012-06-21,-7.763082889237921
2012-06-22,-9.923581195184852
2012-06-25,-58.34383040583134
2012-06-26,-3.8381348637090014
2012-06-27,35.525801759462865
2012-06-28,-8.809968237671455
2012-06-29,106.63295204062251
2012-07-02,31.543571112792506
2012-07-03,33.52782770619615
2012-07-04,0.49739339516418113
2012-07-05,-28.322800011073014
2012-07-06,-47.334035684099035
2012-07-09,-12.09542868062681
2012-07-10,12.836593421759062
2012-07-11,2.0626119831931646
2012-07-12,-18.588102237252315
2012-07-13,29.229552805612002
2012-07-16,-4.6273042634074955
2012-07-17,0.16455712751394458
2012-07-18,34.52026135937422
2012-07-19,16.235340072911185
2012-07-20,-62.16816035316924
2012-07-23,-58.45579312579957
2012-07-24,-30.6409148960538
2012-07-25,2.575256043324316
2012-07-26,89.12716353235237
2012-07-27,50.62200726583387
2012-07-30,43.35199956091856
2012-07-31,-6.856382708426281
2012-08-02,-58.758966738520485
2012-08-03,109.89563790079956
2012-08-06,27.84891447602604
2012-08-07,41.87916758506117
2012-08-08,-2.153370901937251
2012-08-09,5.160442802528905
2012-08-10,-5.65472926217808
2012-08-13,-9.254161451426626
2012-08-14,14.412589152544115
2012-08-15,-5.373055128023225
2012-08-16,29.00982360883245
2012-08-17,18.996147795715387
2012-08-20,-4.318064682980548
2012-08-21,22.74135114398041
2012-08-22,-37.46911651937353
2012-08-23,-21.72386009799675
2012-08-24,6.0249350292242525
2012-08-27,23.966449198719147
2012-08-28,-20.58274905428425
2012-08-29,-9.626886671738703
2012-08-30,-28.20764398857318
2012-08-31,36.54345884823215
2012-09-03,23.44590162307213
2012-09-04,-29.59315569813316
2012-09-05,5.440061240740761
2012-09-06,84.4218748942385
2012-09-07,20.874502535586544
2012-09-10,-7.88706934146694
2012-09-11,27.285842369973125
2012-09-12,7.763688427207853
2012-09-13,-14.05182269861325
2012-09-14,53.25720199875968
2012-09-17,-13.350767054164407
2012-09-18,-33.042996188461984
2012-09-19,16.68793872456854
2012-09-20,-12.047065635900253
2012-09-21,25.205987870239824
2012-09-24,-22.948385656407027
2012-09-25,6.134514707432118
2012-09-26,-65.50892005523838
2012-09-27,7.479436186648854
2012-09-28,-51.9505911523388
2012-10-01,33.9543306984865
2012-10-02,-4.631034875565092
2012-10-03,-1.9937551408684158
2012-10-04,0.22178938839124385
2012-10-05,41.24617311759084
2012-10-08,-33.76676071795009
2012-10-09,-26.600449343375658
2012-10-10,-13.014183397496254
2012-10-11,28.828067677600757
2012-10-12,-16.5675545209956
2012-10-15,10.789329923133664
2012-10-16,63.37454130522474
2012-10-17,26.32337925384627
2012-10-18,11.76898523976206
2012-10-19,-31.826364871546957
2012-10-22,-14.420585618423956
2012-10-23,-52.229949473724446
2012-10-24,11.954763294953864
2012-10-25,-7.894383965220186
2012-10-26,6.276087370249115
2012-10-29,-17.4010043235603
2012-10-30,36.88385737490398
2012-10-31,-6.087524757470419
2012-11-01,28.58611811665969
2012-11-02,13.309607363436953
2012-11-05,-31.199555995062838
2012-11-06,23.058952169533313
2012-11-07,-55.18973787727555
2012-11-08,-3.2298297131505933
2012-11-09,-3.18403481498126
2012-11-12,-9.895253479428447
2012-11-13,23.550658347863646
2012-11-14,-20.28575033695097
2012-11-15,-12.39947207424757
2012-11-16,-36.919689390689655
2012-11-19,65.98173203832903
2012-11-20,19.134845957607013
2012-11-21,10.255392267673415
2012-11-22,16.68354156284704
2012-11-23,20.707900450669058
2012-11-26,-7.269706178085016
2012-11-27,2.6682033091333324
2012-11-28,2.1281916492375785
2012-11-29,31.323800975675567
2012-11-30,-3.112044158527169
2012-12-03,9.8629634998465
2012-12-04,10.7873927878627
2012-12-05,-0.9670730997640931
2012-12-06,11.848433442992246
2012-12-07,-0.8951807906146314
2012-12-10,-3.0765353833276095
2012-12-11,27.92030754892312
2012-12-12,5.740400114167187
2012-12-13,-2.1456939257363956
2012-12-14,4.883135334566305
2012-12-17,-1.514185179571541
2012-12-18,16.034869572037678
2012-12-19,10.565209319711812
2012-12-20,3.6738621844392583
2012-12-21,-5.338322336672263
2012-12-27,9.906991210036722
2012-12-28,-32.32411356913599
2013-01-03,71.86282870239756
2013-01-04,10.474450479619463
2013-01-07,-12.678188084015346
2013-01-08,-0.25660344147036085
2013-01-09,12.665186783573972
2013-01-10,4.934993117534759
2013-01-11,8.76369430015393
2013-01-14,-2.4979878294202535
2013-01-15,-14.09190765542371
2013-01-16,2.4631429934015614
2013-01-17,16.54794776771223
2013-01-18,-9.485820819611945
2013-01-21,15.53182039698413
2013-01-22,-9.124365291143476
2013-01-23,-7.3001449303242225
2013-01-24,16.198932377313213
2013-01-25,19.53315051921936
2013-01-28,0.7746651409202059
2013-01-29,5.4594480583214136
2013-01-30,-14.888055045371402
2013-01-31,-28.752116759909313
2013-02-01,5.347022887745425
2013-02-04,-87.54384371039896
2013-02-05,21.563700893124405
2013-02-06,-33.91029813595105
2013-02-07,-23.62980819079803
2013-02-08,32.32914289753808
2013-02-11,-12.413382113394619
2013-02-12,29.033590197729154
2013-02-13,9.867670204442675
2013-02-14,-20.629216360185183
2013-02-15,-19.890374326911115
2013-02-18,-1.0229950691195882
2013-02-19,46.127122086905274
2013-02-20,-20.081786123749225
2013-02-21,-61.61787243040408
2013-02-22,47.13779642354484
2013-02-25,22.49949843516606
2013-02-26,-77.77166144226749
2013-02-27,38.525624196071476
2013-02-28,17.623985860005178
2013-03-01,-15.124972445045842
2013-03-04,7.936009651270979
2013-03-05,60.39515713486435
2013-03-06,-0.9559986315784954
2013-03-07,12.255380464418977
2013-03-08,41.75574087998075
2013-03-11,-7.816065347244148
2013-03-12,-4.139396436448351
2013-03-13,-8.711493234722639
2013-03-14,38.78357415251094
2013-03-15,-15.402529101994332
2013-03-18,-20.088886853205622
2013-03-19,-34.462259532945154
2013-03-20,32.482978359582376
2013-03-21,-22.169554171271102
2013-03-22,-3.7427347038828884
2013-03-25,-32.608605088389595
2013-03-26,-13.349025260290091
2013-03-27,-26.79723512433884
2013-03-28,8.867313552173528
2013-04-02,55.58330777459105
2013-04-03,-42.26251259237097
2013-04-04,-17.160788476189282
2013-04-05,-35.366822930812305
2013-04-08,2.449519967903143
2013-04-09,5.927221275545435
2013-04-10,61.05990696242134
2013-04-11,15.132195570184194
2013-04-12,-37.75335127011704
2013-04-15,-4.29320300628342
2013-04-16,-17.2238865612876
2013-04-17,-58.206860524898275
2013-04-18,-2.9608262940614622
2013-04-19,17.151220483730413
2013-04-22,9.340717082475294
2013-04-23,80.86257154168607
2013-04-24,40.390347619937984
2013-04-25,5.965440329662215
2013-04-26,-14.988348912244874
2013-04-29,35.82394150626487
2013-04-30,-2.3463707633027298
2013-05-02,4.745168286993703
2013-05-03,44.56434358733986
2013-05-06,-11.448455561517676
2013-05-07,23.48637406205171
2013-05-08,17.26735275170404
2013-05-10,-0.902524622205874
2013-05-13,-6.69367865183267
2013-05-14,18.690272042646484
2013-05-15,17.150917803016455
2013-05-16,-2.330000930076949
2013-05-17,10.282846416301709
2013-05-21,3.267584935609193
2013-05-22,16.106373321068986
2013-05-23,-55.211035813786566
2013-05-24,-16.061141305864567
2013-05-27,27.43579813793349
2013-05-28,39.81784826389412
2013-05-29,-44.26265769124757
2013-05-30,10.508388919954541
2013-05-31,-29.960560644392444
2013-06-03,-23.95387857772039
2013-06-04,9.935856682869144
2013-06-05,-50.480003396833126
2013-06-06,-36.101069170503706
2013-06-07,43.96491321628764
2013-06-10,-3.387223662104134
2013-06-11,-34.62253049951596
2013-06-12,-19.387989052690955
2013-06-13,-9.203924631116479
2013-06-14,7.083761624588078
2013-06-17,36.56571158019278
2013-06-18,-2.272139792640246
2013-06-19,-18.833514735205426
2013-06-20,-96.5441799961759
2013-06-21,-38.82461185044076
2013-06-24,-39.95455752740554
2013-06-25,22.306390693453977
2013-06-26,55.88312400809082
2013-06-27,16.50676187802719
2013-06-28,-9.85310247198504
2013-07-01,22.621602646523115
2013-07-02,-18.39513033530193
2013-07-03,-34.714915773657594
2013-07-04,74.21905171509388
2013-07-05,-48.273655759569465
2013-07-08,55.59135916828063
2013-07-09,15.853272385282708
2013-07-10,-7.262725643672638
2013-07-11,27.709071811176273
2013-07-12,-7.012326846301221
2013-07-15,14.940025562895244
2013-07-16,-21.99247340727061
2013-07-17,14.471407181021732
2013-07-18,37.85639181889155
2013-07-19,0.24813530350638757
2013-07-22,11.279113141364633
2013-07-23,-3.3698967823424937
2013-07-24,29.795298446236302
2013-07-25,-7.943543916005183
2013-07-26,1.9338060511299773
2013-07-29,-0.4681757259436381
2013-07-30,15.293721454188926
2013-07-31,12.115098577703066
2013-08-02,44.131518409401906
2013-08-05,0.7613386922075733
2013-08-06,-18.847351763537972
2013-08-07,5.045319929700327
2013-08-08,23.160655690188833
2013-08-09,11.456616611392747
2013-08-12,0.5618061535869856
2013-08-13,13.224183537796762
2013-08-14,12.25746141460968
2013-08-15,-12.028058430129931
2013-08-16,18.848953928652463
2013-08-19,-32.80913678250545
2013-08-20,-38.06483159963864
2013-08-21,-13.028018206372508
2013-08-22,36.389989708640314
2013-08-23,14.365374173793498
2013-08-26,-7.212340811269314
2013-08-27,-72.10527395520103
2013-08-28,-7.599555248501019
2013-08-29,17.76868391061771
2013-08-30,-40.16398395967917
2013-09-02,-5.134899170129302
2013-09-03,27.57878158613812
2013-09-04,9.514881771534874
2013-09-05,21.561089569688647
2013-09-06,27.879060019800818
2013-09-09,-7.865319089632976
2013-09-10,55.30693745290637
2013-09-11,19.721366934595153
2013-09-12,2.2723552208171895
2013-09-13,4.424584793860959
2013-09-16,23.790819809658387
2013-09-17,1.4956599223787634
2013-09-18,22.233685368783426
2013-09-19,28.57474887843864
2013-09-20,-11.736199002611556
2013-09-23,-20.060321592906803
2013-09-24,18.836895620182077
2013-09-25,7.469428412366597
2013-09-26,-5.4993690565170255
2013-09-27,-7.1299360604512
2013-09-30,-27.495164009933887
2013-10-01,42.846482289727646
2013-10-02,-11.383646541999951
2013-10-03,-19.521824629876846
2013-10-04,22.949346105335735
2013-10-07,-5.408117533102541
2013-10-08,-13.630553018567298
2013-10-09,1.346878139313958
2013-10-10,59.82765607494366
2013-10-11,5.47092920354271
2013-10-14,7.463015319625811
2013-10-15,32.139042226157926
2013-10-16,11.43883325530669
2013-10-17,-4.077408269502939
2013-10-18,22.055907295459292
2013-10-21,-1.9818177516012838
2013-10-22,19.732351774145627
2013-10-23,-27.23494345678182
2013-10-24,18.083626873956746
2013-10-25,-3.305497202578408
2013-10-28,-12.0601129319557
2013-10-29,31.110900720028894
2013-10-30,-11.966297122610285
2013-10-31,26.784830848343518
2013-11-01,-13.923747776343589
2013-11-04,9.921393610148243
2013-11-05,-22.616129147141237
2013-11-06,16.755837035104378
2013-11-07,-12.61267957408063
2013-11-08,-9.837730424872916
2013-11-11,20.244753037053215
2013-11-12,-19.336261806165567
2013-11-13,-13.675434854358627
2013-11-14,30.58142170115525
2013-11-15,1.8115360255633277
2013-11-18,28.7582951913555
2013-11-19,-30.566678109984878
2013-11-20,-4.184437181325848
2013-11-21,-1.5496916764177513
2013-11-22,10.852087893380485
2013-11-25,18.68308928714032
2013-11-26,-12.346739461380366
2013-11-27,20.165897308599142
2013-11-28,11.936433862178546
2013-11-29,-3.006459412707045
2013-12-02,-8.87513387061881
2013-12-03,-66.34294246948093
2013-12-04,-25.026020194288776
2013-12-05,-39.495626000572884
2013-12-06,23.1177490251589
2013-12-09,6.748444213144012
2013-12-10,-32.22704257541818
2013-12-11,-12.370674461181807
2013-12-12,-18.740913058158185
2013-12-13,-5.550200619829866
2013-12-16,53.33050914511932
2013-12-17,-38.894208778784105
2013-12-18,33.27907321645898
2013-12-19,45.086576824649455
2013-12-20,36.935641952503374
2013-12-23,25.588084262535176
2013-12-27,38.429820324182856
2013-12-30,-4.658744186137483
2014-01-03,-21.44429496849625
2014-01-06,-3.299982750485924
2014-01-07,37.08739819574157
2014-01-08,-0.7780376718246771
2014-01-09,-18.996546334406503
2014-01-10,16.613392984349957
2014-01-13,8.006149739103876
2014-01-14,7.4541936853675
2014-01-15,48.29132113570404
2014-01-16,-16.289967257376702
2014-01-17,6.907373542284404
2014-01-20,1.5395211704958456
2014-01-21,-2.1389256301690693
2014-01-22,-1.3241244749706311
2014-01-23,-35.58873342307879
2014-01-24,-88.80990641238759
2014-01-27,-18.205943953189944
2014-01-28,19.653847565369233
2014-01-29,-30.49432759915271
2014-01-30,13.880333078117019
2014-01-31,-14.725921491522513
2014-02-03,-49.28665611564111
2014-02-04,-1.019561547887406
2014-02-05,-3.935157677793086
2014-02-06,45.41969100240294
2014-02-07,29.188200665654676
2014-02-10,-3.3997021190120904
2014-02-11,48.397500680961
2014-02-12,20.019770390115355
2014-02-13,5.466384844234199
2014-02-14,22.9974206549291
2014-02-17,0.9366416282009595
2014-02-18,1.1226760529698367
2014-02-19,4.379132395501983
2014-02-20,-0.042824161468615785
2014-02-21,9.914418557845238
2014-02-24,26.3851065137801
2014-02-25,2.3867208790661607
2014-02-26,-8.185078099411385
2014-02-27,-13.462652108184102
2014-02-28,13.367796410677784
2014-03-03,-93.86222728729126
2014-03-04,77.91594427535438
2014-03-05,0.6208735140799035
2014-03-06,5.97393209765778
2014-03-07,-43.816135417152964
2014-03-10,-8.502588049118458
2014-03-11,3.9329130662190437
2014-03-12,-30.364240820897066
2014-03-13,-47.09925729650877
2014-03-14,-21.75899789619598
2014-03-17,43.78493551996689
2014-03-18,26.921197471983305
2014-03-19,3.865052519267465
2014-03-20,10.76907163783153
2014-03-21,8.138222243865584
2014-03-24,-38.07580823943999
2014-03-25,44.827714908100916
2014-03-26,31.745355593036493
2014-03-27,1.3116871756328692
2014-03-28,42.616203343641246
2014-03-31,-6.25617501582019
2014-04-01,28.628215638048005
2014-04-02,1.4552978946207986
2014-04-03,16.353311197888615
2014-04-04,27.176364520875268
2014-04-07,-41.05668822073676
2014-04-08,-7.0166409006301365
2014-04-09,1.571653315106687
2014-04-10,-32.56626097520075
2014-04-11,-35.86953341818935
2014-04-14,12.83367878954823
2014-04-15,-41.35473970237217
2014-04-16,44.08325317778281
2014-04-17,17.114155479429883
2014-04-22,43.98966577919737
2014-04-23,-17.059579176550415
2014-04-24,12.360433607255345
2014-04-25,-39.268835571019736
2014-04-28,15.062264447643884
2014-04-29,45.505492468557804
2014-04-30,-11.614372045554774
2014-05-02,-18.465670318382763
2014-05-05,-8.49528224343021
2014-05-06,-20.298603569438455
2014-05-07,10.13313022467355
2014-05-08,42.710186273271574
2014-05-09,-21.547100473198498
2014-05-12,23.713493477601332
2014-05-13,8.687085295322504
2014-05-14,0.34773260365045644
2014-05-15,-46.1660342339901
2014-05-16,3.631407585892248
2014-05-19,-2.415865495247999
2014-05-20,-5.497224284456934
2014-05-21,24.607375180314193
2014-05-22,-2.866737810461018
2014-05-23,15.620458710979165
2014-05-26,40.08425903382613
2014-05-27,8.084010653940368
2014-05-28,3.716710655861789
2014-05-30,-2.9517122734482655
2014-06-02,3.0554559061192776
2014-06-03,-3.3849413274283506
2014-06-04,-2.3774867587690096
2014-06-05,27.1855050155159
2014-06-06,25.900184678673668
2014-06-10,22.44540609234491
2014-06-11,-20.062178846713778
2014-06-12,-4.320913289553573
2014-06-13,-2.4310288844030765
2014-06-16,-23.117780945936374
2014-06-17,14.067473841426363
2014-06-18,3.5472258927834446
2014-06-19,35.29216961279917
2014-06-20,-10.754567510311972
2014-06-23,-20.106557799209895
2014-06-24,3.7455055907948918
2014-06-25,-33.16247010454708
2014-06-26,-20.122563958467254
2014-06-27,-8.972523145769628
2014-06-30,-2.4275879038482344
2014-07-01,31.14053375624735
2014-07-02,-5.198053934558629
2014-07-03,37.28557300404918
2014-07-04,-17.641659723813518
2014-07-07,-39.49022294346969
2014-07-08,-45.132587129015974
2014-07-09,14.041211513173494
2014-07-10,-53.63796695866449
2014-07-11,0.8133228941155721
2014-07-14,28.08083013905798
2014-07-15,-32.94829828635102
2014-07-16,51.72343643569775
2014-07-17,-45.57162039641207
2014-07-18,4.0320775592990685
2014-07-21,-24.98717595201606
2014-07-22,48.970766751774136
2014-07-23,8.571242706631892
2014-07-24,23.528246371753994
2014-07-25,-41.361069014071745
2014-07-28,-5.608647448621014
2014-07-29,23.38312823858041
2014-07-30,-23.456423518651263
2014-07-31,-55.1096514584101
2014-08-04,-51.26272223454589
2014-08-05,0.12270717136243547
2014-08-06,-21.203887334227147
2014-08-07,-41.0003599347142
2014-08-08,-13.395857449295363
2014-08-11,36.795479884803626
2014-08-12,-18.63180483879114
2014-08-13,34.51397767110757
2014-08-14,0.6519062981074057
2014-08-15,-28.560759225993934
2014-08-18,43.26003955156921
2014-08-19,21.228094774408873
2014-08-20,-4.813065261342672
2014-08-21,38.45922584673599
2014-08-22,-26.95396349073326
2014-08-25,70.74678979622513
2014-08-26,39.75741388271399
2014-08-27,-3.006288768082868
2014-08-28,-29.43979591367861
2014-08-29,5.120762799112072
2014-09-01,8.70585710645355
2014-09-02,6.996634280083072
2014-09-03,35.86325794662844
2014-09-04,54.335201532938754
2014-09-05,4.083623307310518
2014-09-08,0.32174474141811515
2014-09-09,-19.23445244774166
2014-09-10,-6.219369746867869
2014-09-11,-8.703781543176774
2014-09-12,-2.554258116373603
2014-09-15,-0.4397497074360217
2014-09-16,-11.577737475841786
2014-09-17,12.671233045623921
2014-09-18,33.10756507680571
2014-09-19,5.794101378387495
2014-09-22,-12.54904491139223
2014-09-23,-52.65619664532687
2014-09-24,33.800138359005814
2014-09-25,-40.3533805854986
2014-09-26,16.003895959272086
2014-09-29,-31.847482519483492
2014-09-30,32.49115249694205
2014-10-01,-26.703718877250594
2014-10-02,-90.79993673479248
2014-10-03,26.11036634977154
2014-10-06,-0.3410534013769393
2014-10-07,-57.295679934841246
2014-10-08,-31.196437254542616
2014-10-09,-15.490901204268084
2014-10-10,-51.53628594222664
2014-10-13,4.126213326526795
2014-10-14,-1.5315808675495646
2014-10-15,-111.88319159210641
2014-10-16,-21.00776680013223
2014-10-17,84.66244475943404
2014-10-20,-34.203443375604365
2014-10-21,62.91553105193998
2014-10-22,16.678761448963087
2014-10-23,38.31456063566975
2014-10-24,-1.9929758129078436
2014-10-27,-33.189197195290035
2014-10-28,35.24869739572796
2014-10-29,-16.559792113169806
2014-10-30,17.338052559825428
2014-10-31,80.74882516072375
2014-11-03,-30.280257126885772
2014-11-04,-48.35073749326875
2014-11-05,56.41782583754957
2014-11-06,13.977709767184933
2014-11-07,-32.97818131699114
2014-11-10,25.74194601205636
2014-11-11,5.710845354514731
2014-11-12,-52.922098032613576
2014-11-13,12.892312266717909
2014-11-14,0.36828628360581206
2014-11-17,19.746555887371414
2014-11-18,36.33764120294609
2014-11-19,6.110787207793692
2014-11-20,-15.19559684035039
2014-11-21,91.03440261090282
2014-11-24,19.063996638612934
2014-11-25,16.82602484003064
2014-11-26,6.255996869776027
2014-11-27,19.593637369388944
2014-11-28,10.405892535568455
2014-12-01,-19.720763247125433
2014-12-02,4.9009163550013
2014-12-03,9.293822569065924
2014-12-04,-53.88837395236715
2014-12-05,84.18781791240872
2014-12-08,-29.072691100609063
2014-12-09,-87.21895415865401
2014-12-10,-11.133992603326078
2014-12-11,3.1406018569473417
2014-12-12,-90.56803196031206
2014-12-15,-92.40614869895535
2014-12-16,57.28546407887234
2014-12-17,1.1310352891109687
2014-12-18,105.32573415606157
2014-12-19,-8.55133958967508
2014-12-22,9.393176818561642
2014-12-23,45.258647068829305
2014-12-29,4.515750781465613
2014-12-30,-49.54127414116283
2015-01-05,-121.16603399255291
2015-01-06,-9.535732201132305
2015-01-07,2.4765166634078923
2015-01-08,109.80293194527894
2015-01-09,-89.93551902646686
2015-01-12,30.55740416589424
2015-01-13,54.688497089450266
2015-01-14,-38.121649580860776
2015-01-15,76.92632462076563
2015-01-16,36.45246755970038
2015-01-19,17.00668503922452
2015-01-20,33.2343984606523
2015-01-21,33.71183832082943
2015-01-22,57.53182744724563
2015-01-23,57.09498853823288
2015-01-26,33.10292416773427
2015-01-27,-32.319270793446776
2015-01-28,-6.491534215273077
2015-01-29,12.404058756457744
2015-01-30,-26.552635119093793
2015-02-02,15.762440238530871
2015-02-03,46.64758043726624
2015-02-04,7.272395774073175
2015-02-05,-4.807711146729616
2015-02-06,-14.681947027813749
2015-02-09,-51.69330752051792
2015-02-10,37.61189365795599
2015-02-11,-6.737237858156732
2015-02-12,39.01724447770721
2015-02-13,28.994828004884766
2015-02-16,-13.2044898290128
2015-02-17,13.729507964918412
2015-02-18,28.70262152567875
2015-02-19,21.116800949384924
2015-02-20,0.935879702758939
2015-02-23,31.316251617877697
2015-02-24,33.68257730720825
2015-02-25,-1.4331532111064007
2015-02-26,31.90799462608402
2015-02-27,23.01451994387571
2015-03-02,-3.745148596911349
2015-03-03,-36.286073524964195
2015-03-04,32.214779021964205
2015-03-05,32.58679538873321
2015-03-06,-0.7303575476139486
2015-03-09,-3.311040847834647
2015-03-10,-41.942043958414615
2015-03-11,81.41730565210719
2015-03-12,-6.60386771653657
2015-03-13,13.701216639339691
2015-03-16,54.18116355899929
2015-03-17,-33.18814691658008
2015-03-18,1.6245620668423726
2015-03-19,0.6480237990349451
2015-03-20,52.68920842364514
2015-03-23,-23.51929235552643
2015-03-24,32.317728907092715
2015-03-25,-43.45540306759494
2015-03-26,-17.608314325345418
2015-03-27,10.653124214451509
2015-03-30,44.68204026674812
2015-03-31,-26.400125757674687
2015-04-01,15.166399910392101
2015-04-02,2.845932330346841
2015-04-07,53.28675417150771
2015-04-08,-20.238525393201144
2015-04-09,36.03989776245635
2015-04-10,37.918617342365906
2015-04-13,13.452313036434589
2015-04-14,-36.984832502432255
2015-04-15,15.942577998505385
2015-04-16,-51.7959167282811
2015-04-17,-81.20228685900292
2015-04-20,41.963613643838926
2015-04-21,-2.321624070404596
2015-04-22,4.352567185726002
2015-04-23,-27.242965754554007
2015-04-24,13.173365835380991
2015-04-27,62.06771762066592
2015-04-28,-53.39059401126951
2015-04-29,-100.154438977896
2015-04-30,-9.258058852223257
2015-05-04,14.823058975179265
2015-05-05,-83.57936101410087
2015-05-06,5.362947189827992
2015-05-07,-10.037768233079987
2015-05-08,90.99915317561045
2015-05-11,-13.858096821146773
2015-05-12,-51.69949099138739
2015-05-13,-21.741751231454145
2015-05-15,12.627882107051846
2015-05-18,21.95594137387252
2015-05-19,82.52436338895313
2015-05-20,14.036225720707534
2015-05-21,4.111131466504958
2015-05-22,-2.9464487570694473
2015-05-26,-55.364890694419046
2015-05-27,63.88228727673004
2015-05-28,-36.84767047885134
2015-05-29,-85.067117999748
2015-06-01,4.731474383910609
2015-06-02,-13.7474930563003
2015-06-03,22.366345383176395
2015-06-04,-32.6999882496566
2015-06-05,-53.158492422349354
2015-06-08,-39.55692217470278
2015-06-09,-10.306890795040545
2015-06-10,67.66189734363024
2015-06-11,19.358401195229817
2015-06-12,-50.75304904796849
2015-06-15,-60.14287248388882
2015-06-16,18.711364359623985
2015-06-17,-26.028826962215135
2015-06-18,12.335931825083208
2015-06-19,0.743930702992202
2015-06-22,142.14421956573779
2015-06-23,45.76497027029018
2015-06-24,-11.48572414782575
2015-06-25,-0.3461053239298053
2015-06-26,6.729403791450295
2015-06-29,-141.59794376834088
2015-06-30,-47.52537791132909
2015-07-01,61.4026329737967
2015-07-02,-43.60817467424522
2015-07-03,-19.36137851774538
2015-07-06,-74.8590196525206
2015-07-07,-74.05735188635663
2015-07-08,27.62941608280107
2015-07-09,84.46066967882234
2015-07-10,111.15810067769189
2015-07-13,70.36435819019744
2015-07-14,26.149945438799477
2015-07-15,24.034419725162024
2015-07-16,57.19206513867857
2015-07-17,-1.0699812226830545
2015-07-20,17.493856747249083
2015-07-21,-37.373338070892714
2015-07-22,-13.655638658966836
2015-07-23,1.4641271897839943
2015-07-24,-37.3239104960212
2015-07-27,-89.66836126714179
2015-07-28,33.21527759321634
2015-07-29,21.655378691430087
2015-07-30,9.435114357267139
2015-07-31,18.295948257228247
2015-08-03,30.584344632140073
2015-08-04,-10.900745562174507
2015-08-05,61.66319686785573
2015-08-06,-3.813312565219803
2015-08-07,-33.747173612284314
2015-08-10,36.71877179823878
2015-08-11,-68.55911065489408
2015-08-12,-118.53889774186155
2015-08-13,24.19975387024033
2015-08-14,-33.84676337512337
2015-08-17,3.317757836169676
2015-08-18,-1.010401461877791
2015-08-19,-68.47549099628895
2015-08-20,-76.84426556100061
2015-08-21,-113.37766042514295
2015-08-24,-182.0284265399073
2015-08-25,131.4182466553093
2015-08-26,-50.52781902538527
2015-08-27,103.36974792787623
2015-08-28,13.279112829091446
2015-08-31,-20.627102754922817
2015-09-01,-66.25521346353253
2015-09-02,2.167765826255618
2015-09-03,71.40001328344533
2015-09-04,-95.05259793800178
2015-09-07,17.536833794694303
2015-09-08,36.50383332128922
2015-09-09,38.320587762811556
2015-09-10,-43.845501249253175
2015-09-11,-40.87081701197985
2015-09-14,-13.069234460634561
2015-09-15,33.20008469932009
2015-09-16,48.80596803399976
2015-09-17,0.2380183390378079
2015-09-18,-101.2086912802697
2015-09-21,26.289054114498413
2015-09-22,-101.94272357353248
2015-09-23,-1.704749446540518
2015-09-24,-68.29917758398506
2015-09-25,78.12522384409613
2015-09-28,-63.10924868719712
2015-09-29,-10.209114599173517
2015-09-30,74.22917230502344
2015-10-01,-41.77156808740892
2015-10-02,22.723920078622996
2015-10-05,104.84084982641934
2015-10-06,38.167794742112164
2015-10-07,11.212170273407082
2015-10-08,-2.9381427379034903
2015-10-09,25.95033611287272
2015-10-12,6.0143917704349406
2015-10-13,-23.074970529465645
2015-10-14,-34.524629738641124
2015-10-15,39.72815421357427
2015-10-16,30.109164830379086
2015-10-19,13.713435063792076
2015-10-20,-14.33805216282235
2015-10-21,10.315741595420604
2015-10-22,81.93391075877025
2015-10-23,80.87868131275263
2015-10-26,-2.3098768674954044
2015-10-27,-33.92518787229528
2015-10-28,37.35163450706068
2015-10-29,-2.6201925545460654
2015-10-30,10.543423457622794
2015-11-02,15.088620564496978
2015-11-03,1.5328080223171128
2015-11-04,-1.0661704747994918
2015-11-05,13.768840461076252
2015-11-06,24.370535598117385
2015-11-09,-52.73259402750182
2015-11-10,1.379151978858772
2015-11-11,24.105421460189064
2015-11-12,-56.04271206497515
2015-11-13,-27.01998409048656
2015-11-16,-7.24539355575871
2015-11-17,84.79209425734143
2015-11-18,-12.258217227686146
2015-11-19,20.17881071621605
2015-11-20,4.998420093430923
2015-11-23,-11.423772355358324
2015-11-24,-30.7508176563706
2015-11-25,51.54047858227341
2015-11-26,38.7916924599931
2015-11-27,-11.32671133690883
2015-11-30,19.00675760608283
2015-12-01,-24.777815410640414
2015-12-02,-7.096630219426515
2015-12-03,-125.63127378729223
2015-12-04,-23.74410041831834
2015-12-07,24.550168505435067
2015-12-08,-64.82739131500648
2015-12-09,-19.083694728452883
2015-12-10,-14.89719465024018
2015-12-11,-70.94881670635687
2015-12-14,-64.81254255827025
2015-12-15,97.9872598069228
2015-12-16,5.014361713685048
2015-12-17,57.95578535025743
2015-12-18,-41.3486039778968
2015-12-21,-48.23846446749212
2015-12-22,7.825369613617113
2015-12-23,67.43491672048276
2015-12-28,-29.86532161371224
2015-12-29,52.83567535612883
2015-12-30,-19.925269404901883
2016-01-04,-119.71169445995656
2016-01-05,13.189828965153083
2016-01-06,-49.36273601134326
2016-01-07,-61.022488920029446
2016-01-08,-53.06782826616745
2016-01-11,-11.176939705532277
2016-01-12,36.27405568806853
2016-01-13,4.5183094493136196
2016-01-14,-50.584727107130675
2016-01-15,-72.5784164795923
2016-01-18,-17.50146943148866
2016-01-19,43.407873208618184
2016-01-20,-101.60160903621772
2016-01-21,52.28670145950491
2016-01-22,80.25484336611362
2016-01-25,-14.90130272260285
2016-01-26,39.3365026849101
2016-01-27,5.294535014226767
2016-01-28,-64.43326570262207
2016-01-29,69.13753477597947
2016-02-01,-19.33976860310031
2016-02-02,-71.71057766457079
2016-02-03,-61.159402123908876
2016-02-04,0.029792521154377027
2016-02-05,-21.05790813628937
2016-02-08,-95.50547170929303
2016-02-09,-58.7339719119891
2016-02-10,40.72042811998563
2016-02-11,-106.47352933668526
2016-02-12,76.04997707440862
2016-02-15,76.94489432019554
2016-02-16,-17.992422551757045
2016-02-17,83.30563686435107
2016-02-18,2.8621519897524195
2016-02-19,-15.645658463835844
2016-02-22,63.57026107405727
2016-02-23,-50.69083658496811
2016-02-24,-66.90239789917496
2016-02-25,58.36727887237521
2016-02-26,52.51475105856434
2016-02-29,18.221590907115115
2016-03-01,48.876415124388586
2016-03-02,28.026783786438045
2016-03-03,0.7620727304624779
2016-03-04,30.972225995890312
2016-03-07,-18.48689110646228
2016-03-08,-23.813979742681113
2016-03-09,14.953331967853046
2016-03-10,-41.31477811245895
2016-03-11,103.35418045426059
2016-03-14,17.1860232701938
2016-03-15,-27.27910509470439
2016-03-16,1.2958734167686998
2016-03-17,-16.88162759540728
2016-03-18,19.961086387745127
2016-03-21,-16.235245954138918
2016-03-22,-2.9937252361592073
2016-03-23,-6.506027091455053
2016-03-24,-51.55239896159628
2016-03-29,17.483639141126332
2016-03-30,32.8584988230009
2016-03-31,-41.89334625977472
2016-04-01,-49.10186774907106
2016-04-04,9.50444575378242
2016-04-05,-73.06785969865177
2016-04-06,12.004360760093277
2016-04-07,-42.20093451110961
2016-04-08,36.57216687425807
2016-04-11,19.04474959582103
2016-04-12,15.698312956247264
2016-04-13,98.78072591662658
2016-04-14,22.791546924349404
2016-04-15,2.209478490681704
2016-04-18,15.506553759755207
2016-04-19,49.141879823769614
2016-04-20,31.78195613995058
2016-04-21,10.752275114023632
2016-04-22,-6.916148368270115
2016-04-25,-21.402176893850537
2016-04-26,4.562339573737063
2016-04-27,7.3490589958878445
2016-04-28,-6.861247951146197
2016-04-29,-97.47117870444526
2016-05-02,1.106580268624839
2016-05-03,-59.19051696261113
2016-05-04,-41.85458634895349
2016-05-06,-6.064409685723149
2016-05-09,11.389934491302483
2016-05-10,26.537489681451007
2016-05-11,-20.765671791957175
2016-05-12,-21.649398164480317
2016-05-13,18.33108788702566
2016-05-17,-17.948963512920727
2016-05-18,19.72766165130315
2016-05-19,-36.96950824635587
2016-05-20,38.53100352660249
2016-05-23,-26.775604826960716
2016-05-24,76.17620266046379
2016-05-25,58.13039295722956
2016-05-26,9.26305232967161
2016-05-27,13.025732094397881
2016-05-30,12.034435550665876
2016-05-31,-20.267540218269005
2016-06-01,-24.781901188350275
2016-06-02,-8.722179554506056
2016-06-03,-40.42062028877626
2016-06-06,3.9361014032006096
2016-06-07,39.579356773253494
2016-06-08,-21.23171593722327
2016-06-09,-32.61114163836601
2016-06-10,-80.31199023753334
2016-06-13,-59.94556750651782
2016-06-14,-58.37434117516841
2016-06-15,23.83821326798261
2016-06-16,-16.685027573596017
2016-06-17,25.601100214894814
2016-06-20,99.13822405436304
2016-06-21,30.142953195207156
2016-06-22,16.458518492196617
2016-06-23,59.50118104178409
2016-06-24,-257.63087060505495
2016-06-27,-82.86689619107165
2016-06-28,54.764453396997396
2016-06-29,61.468357290851145
2016-06-30,35.01109495591754
2016-07-01,13.322855268533658
2016-07-04,-12.272158973503792
2016-07-05,-40.87609082829658
2016-07-06,-50.57206655040363
2016-07-07,6.944552375694457
2016-07-08,51.0743034924335
2016-07-11,51.885588941325295
2016-07-12,57.941006457002004
2016-07-13,-3.807063676767939
2016-07-14,34.98109173278954
2016-07-15,-1.107336131161901
2016-07-18,-4.164469941084008
2016-07-19,-13.607571324124365
2016-07-20,29.947653117796108
2016-07-21,0.004356422437012952
2016-07-22,4.607513021572686
2016-07-25,6.732781215243449
2016-07-26,5.53865257310963
2016-07-27,19.644568225313833
2016-07-28,-35.013514999912786
2016-07-29,25.64383915366261
2016-08-02,-80.32595125657917
2016-08-03,-0.11281280281309591
2016-08-04,18.74929451928847
2016-08-05,36.19605516716638
2016-08-08,15.40176187587349
2016-08-09,46.62352068683185
2016-08-10,-5.632299881830022
2016-08-11,30.488670133645883
2016-08-12,0.2310898301202542
2016-08-15,1.2893383720747806
2016-08-16,-27.548598360486267
2016-08-17,-39.10243464086125
2016-08-18,13.767738282365826
2016-08-19,-28.95047312446195
2016-08-22,-9.114176064186722
2016-08-23,31.323107788379275
2016-08-24,14.008499519331053
2016-08-25,-17.785126765667883
2016-08-26,22.939445551370227
2016-08-29,-11.326432434488197
2016-08-30,32.002632590734265
2016-08-31,-5.102018574227259
2016-09-01,-6.769309707399316
2016-09-02,64.04165834586775
2016-09-05,-0.5978980490613139
2016-09-06,-4.435417670236802
2016-09-07,22.17528289150505
2016-09-08,-8.210831646169026
2016-09-09,-27.771479516859017
2016-09-12,-41.483011251476
2016-09-13,-42.06359436079447
2016-09-14,-13.617397233868815
2016-09-15,6.419676116667233
2016-09-16,-39.90897539886919
2016-09-19,29.847600017554214
2016-09-20,-3.632536366455952
2016-09-21,17.527032381916797
2016-09-22,73.13240225113213
2016-09-23,-18.390178737091446
2016-09-26,-54.24572184476801
2016-09-27,-6.169631801437845
2016-09-28,19.61162525258169
2016-09-29,1.9162775478930598
2016-09-30,8.23664967267132
2016-10-03,-6.36618430463659
2016-10-04,32.47724414971435
2016-10-05,2.944056537436154
2016-10-06,-4.009889044353713
2016-10-07,-23.376916257892844
2016-10-10,31.209143141850745
2016-10-11,-10.263290635427438
2016-10-12,-10.716312111626848
2016-10-13,-33.776166237695634
2016-10-14,43.0630578567725
2016-10-17,-13.606015865505015
2016-10-18,39.75980110538876
2016-10-19,13.390101357574167
2016-10-20,17.168081723888008
2016-10-21,4.648735792210118
2016-10-24,16.959710690789507
2016-10-25,-1.0156350151501101
2016-10-26,-7.773632570071641
2016-10-27,2.93372508280072
2016-10-28,-7.414524109576178
2016-10-31,-21.596595864356914
2016-11-01,-32.29785884885905
2016-11-02,-46.53448234296684
2016-11-03,-11.90284970625089
2016-11-04,-21.12623558656469
2016-11-07,53.291204233813005
2016-11-08,15.705218790942581
2016-11-09,31.744620406652757
2016-11-10,-5.843433647578877
2016-11-11,-15.429963348502042
2016-11-14,13.784176760886112
2016-11-15,8.21912286192628
2016-11-16,-24.164433710291178
2016-11-17,13.133313740718677
2016-11-18,-19.200915335545687
2016-11-21,13.002347004057356
2016-11-22,12.089575661744675
2016-11-23,-15.583687030798956
2016-11-24,8.93375932113213
2016-11-25,9.03148931345595
2016-11-28,-28.872998734747398
2016-11-29,19.89312852770854
2016-11-30,10.889316406671242
2016-12-01,-20.561154016522323
2016-12-02,-13.138883691827687
2016-12-05,36.53456917103449
2016-12-06,48.39321997963907
2016-12-07,42.83686501193051
2016-12-08,47.44845564463412
2016-12-09,16.950144424184145
2016-12-12,7.0155256203847784
2016-12-13,40.22389276026661
2016-12-14,-23.80602443373118
2016-12-15,37.70598097924176
2016-12-16,12.360434005459865
2016-12-19,-0.24394579402087402
2016-12-20,24.762892422821096
2016-12-21,-10.201601452968134
2016-12-22,0.06577460754351705
2016-12-23,5.358851334807241
2016-12-27,5.08312013431032
2016-12-28,0.610018115135972
2016-12-29,-8.1599046956444
2016-12-30,18.620532975367496
2017-01-03,26.221904302319217
2017-01-04,4.618040753413425
2017-01-05,-0.4703665589677257
2017-01-06,4.172714675949464
2017-01-09,-10.847730471020895
2017-01-10,-1.2944509469857621
2017-01-11,1.1610049316523146
2017-01-12,-23.418169607239633
2017-01-13,36.29734440094262
2017-01-16,-27.7583790738463
2017-01-17,-9.449339587876693
2017-01-18,8.81200329185549
2017-01-19,-7.008244910959547
2017-01-20,10.860598403229233
2017-01-23,-26.28373791390277
2017-01-24,7.8155877165918355
2017-01-25,44.23989244016548
2017-01-26,-6.197217173151785
2017-01-27,-13.92609886441278
2017-01-30,-40.87292279190842
2017-01-31,-33.97748379549512
2017-02-01,27.042828446724343
2017-02-02,-7.2471352251977805
2017-02-03,17.45427298173081
2017-02-06,-34.58385390800913
2017-02-07,-3.221040096557772
2017-02-08,5.3011076274883635
2017-02-09,37.405463945308384
2017-02-10,-6.275172141406074
2017-02-13,32.27965936074088
2017-02-14,8.801264178470774
2017-02-15,17.478873896126515
2017-02-16,-9.218017749180945
2017-02-17,-6.252397525751803
2017-02-20,4.027875793310159
2017-02-21,27.857993232802073
2017-02-22,3.9339058086511614
2017-02-23,-6.596214792669798
2017-02-24,-31.26403685635796
2017-02-27,3.8149323277662006
2017-02-28,13.283614506651702
2017-03-01,70.417121029172
2017-03-02,-4.268844471958801
2017-03-03,17.298093597784373
2017-03-06,-10.229281127108607
2017-03-07,0.13723087958851465
2017-03-08,7.434660712510777
2017-03-09,14.653742510640313
2017-03-10,6.0157238305669125
2017-03-13,1.2781587895501616
2017-03-14,-11.252955353108064
2017-03-15,8.970491904611663
2017-03-16,28.138085771235637
2017-03-17,7.827508275424407
2017-03-20,-7.263177016820464
2017-03-21,-5.4209864130953065
2017-03-22,-9.406448060462935
2017-03-23,29.203256601856992
2017-03-24,-7.815731664984014
2017-03-27,-6.20934836726201
2017-03-28,29.6631975708724
2017-03-29,10.29742787301393
2017-03-30,7.634690001742001
2017-03-31,19.700459540712473
2017-04-03,-26.436033007622427
2017-04-04,9.93996618940082
2017-04-05,-8.481197560437522
2017-04-06,14.716933523273838
2017-04-07,7.080577984210777
2017-04-10,-15.9382876868126
2017-04-11,-8.49359170820071
2017-04-12,-2.5787555908268587
2017-04-13,-20.846124658361987
2017-04-18,-40.575528006622335
2017-04-19,8.464137943759397
2017-04-20,18.253632400845163
2017-04-21,0.7850563599758971
2017-04-24,137.16353396433306
2017-04-25,10.572682766341131
2017-04-26,0.3206196218166042
2017-04-27,-8.600785501264454
2017-04-28,-5.200757536214951
2017-05-02,22.2035844376328
2017-05-03,5.060340527633343
2017-05-04,41.271980940114645
2017-05-05,33.14584981151938
2017-05-08,-11.488737940342617
2017-05-09,9.878969324063291
2017-05-10,-4.195615340416225
2017-05-11,-23.206404843374912
2017-05-12,14.414607362942206
2017-05-15,4.589790621492284
2017-05-16,0.054723663737149764
2017-05-17,-57.62797969112853
2017-05-18,-26.16101314077696
2017-05-19,24.146263494276354
2017-05-22,-10.982452102925436
2017-05-23,17.49709149051614
2017-05-24,-10.883112780571992
2017-05-26,-7.894182129905857
2017-05-29,3.9592677549885593
2017-05-30,-17.74857590984311
2017-05-31,-9.156226460530434
2017-06-01,8.600226818046394
2017-06-02,25.609168726880853
2017-06-06,-33.493965971004855
2017-06-07,-6.141886460940896
2017-06-08,12.202867454812349
2017-06-09,20.491932297203675
2017-06-12,-38.03420275707094
2017-06-13,12.813926096028354
2017-06-14,-11.144424951939527
2017-06-15,-24.3452330835471
2017-06-16,19.36655017108569
2017-06-19,34.37805585175602
2017-06-20,-16.469967498906044
2017-06-21,-6.819567783923503
2017-06-22,1.196954641477987
2017-06-23,-11.67157358238046
2017-06-26,19.478864990478087
2017-06-27,-24.758362599598968
2017-06-28,-5.19837858347546
2017-06-29,-64.02081934481339
2017-06-30,-31.92991656137974
2017-07-03,48.59151837436275
2017-07-04,-15.8488139582646
2017-07-05,-2.1972654129831426
2017-07-06,-16.70792681936973
2017-07-07,2.3466098426383724
2017-07-10,17.55163379973419
2017-07-11,-15.887856282548
2017-07-12,48.014511393321754
2017-07-13,14.103119894091833
2017-07-14,2.8366792110136885
2017-07-17,-5.3376354129713945
2017-07-18,-40.87468950432094
2017-07-19,19.11946664834113
2017-07-20,-0.5758964914771241
2017-07-21,-46.425880564918316
2017-07-24,-0.2628724172850525
2017-07-25,15.930852191577742
2017-07-26,17.852527164705407
2017-07-27,5.073586665131643
2017-07-28,-25.115250170347736
2017-07-31,-19.64387226448207
2017-08-02,8.672623573682813
2017-08-03,7.596731904664011
2017-08-04,41.23066714174729
2017-08-07,-1.1949917373181052
2017-08-08,9.848023618144452
2017-08-09,-43.5008467463681
2017-08-10,-35.466561893431845
2017-08-11,-28.52218027416029
2017-08-14,37.70715881995784
2017-08-15,11.283285901689851
2017-08-16,22.57479248595928
2017-08-17,-18.46599999770524
2017-08-18,-16.83790769527468
2017-08-21,-21.30168486895309
2017-08-22,28.837722791816304
2017-08-23,-15.931695121462326
2017-08-24,3.803607371202361
2017-08-25,-4.877332387243769
2017-08-28,-18.674615119455666
2017-08-29,-31.103058265302934
2017-08-30,11.67051310071929
2017-08-31,16.67279570040182
2017-09-01,21.844982295478985
2017-09-04,-10.686182775302768
2017-09-05,-9.730779822754357
2017-09-06,13.853483281203353
2017-09-07,13.797372173030908
2017-09-08,1.2557943016004174
2017-09-11,46.911831879878264
2017-09-12,19.644364560136637
2017-09-13,13.714855002179775
2017-09-14,7.084369119803341
2017-09-15,-11.038757634904414
2017-09-18,11.951908596311569
2017-09-19,4.705551242462207
2017-09-20,-4.89404258283821
2017-09-21,14.066369164573644
2017-09-22,1.6342204245715948
2017-09-25,-2.7647165974240124
2017-09-26,-0.490540469552343
2017-09-27,18.391198789875034
2017-09-28,9.22405706881409
2017-09-29,31.677941621988793
2017-10-02,10.221411070053364
2017-10-03,4.527126632196087
2017-10-04,-8.502716944095937
2017-10-05,18.144468580839657
2017-10-06,-8.785967066947705
2017-10-09,6.299649652535663
2017-10-10,-10.88474207853551
2017-10-11,7.262855328766818
2017-10-12,-0.08922551187606587
2017-10-13,-1.9670662297471608
2017-10-16,2.126864771521923
2017-10-17,0.39366098318396325
2017-10-18,12.971702935303256
2017-10-19,-16.726890611880663
2017-10-20,2.4781867315969066
2017-10-23,3.3179953821704657
2017-10-24,1.3801683993337974
2017-10-25,-17.87376062874546
2017-10-26,44.29796721371258
2017-10-27,16.632616561867508
2017-10-30,10.903062331065485
2017-10-31,14.809852129463252
2017-11-01,23.7245589476629
2017-11-02,-4.825640241378096
2017-11-03,1.5055407925228792
2017-11-06,-7.238566482774786
2017-11-07,-24.76615981603254
2017-11-08,-3.551589542768852
2017-11-09,-43.79650262801988
2017-11-10,-21.725888920812395
2017-11-13,-22.07082960238995
2017-11-14,-21.52771552814238
2017-11-15,-11.458740942794066
2017-11-16,16.248960530955173
2017-11-17,-17.713343317618637
2017-11-20,12.66332465153846
2017-11-21,19.160562825791203
2017-11-22,-16.052122278120805
2017-11-23,10.580148634480338
2017-11-24,8.153801948325054
2017-11-27,-16.73140031320463
2017-11-28,20.270707389530344
2017-11-29,6.721016832137138
2017-11-30,-19.8615974700906
2017-12-01,-42.48567660412618
2017-12-04,45.865718437074975
2017-12-05,-3.827215698695909
2017-12-06,-9.409950246390054
2017-12-07,11.57136626784586
2017-12-08,15.974481795658903
2017-12-11,-4.7179023908729505
2017-12-12,19.00605006943897
2017-12-13,-18.54363207809638
2017-12-14,-27.936836047136694
2017-12-15,4.66094712436734
2017-12-18,48.75781272156701
2017-12-19,-24.64490303675302
2017-12-20,-32.03268049637154
2017-12-21,16.20741662026012
2017-12-22,-16.71478828453928
2017-12-27,-0.26297969962524803
2017-12-28,-28.26118301187671
2017-12-29,-26.238016399562184
2018-01-03,5.21800330003407
2018-01-04,60.48739714297062
2018-01-05,42.59488363936998
2018-01-08,8.53380849415862
2018-01-09,7.08597902562542
2018-01-10,-9.278222114070559
2018-01-11,-8.951011227904473
2018-01-12,16.895536710535907
2018-01-15,-5.639092592527049
2018-01-16,7.803524234180713
2018-01-17,-5.313038668572517
2018-01-18,11.414232028359947
2018-01-19,28.556934535448818
2018-01-22,12.877592268549051
2018-01-23,7.984841447226245
2018-01-24,-24.847541420528614
2018-01-25,-10.479652578757396
2018-01-26,15.544237653431082
2018-01-29,-8.16821822059228
2018-01-30,-37.04369729992777
2018-01-31,2.843183805969147
2018-02-01,-30.911844058436145
2018-02-02,-56.84841730791413
2018-02-05,-50.15534072346554
2018-02-06,-90.4097117663564
2018-02-07,55.73846149382871
2018-02-08,-77.08781090591083
2018-02-09,-58.853914718929445
2018-02-12,37.371108095768705
2018-02-13,-31.72073818897252
2018-02-14,34.54419389714485
2018-02-15,19.211418107498503
2018-02-16,33.48777366745617
2018-02-19,-15.480870319794121
2018-02-20,29.68806982906699
2018-02-21,1.1900220894276572
2018-02-22,-0.3200885212409048
2018-02-23,8.627943066364878
2018-02-26,19.813557859239154
2018-02-27,0.5245309914698737
2018-02-28,-17.269141677444622
2018-03-01,-41.54686856746321
2018-03-02,-79.61989261512781
2018-03-05,27.0840324534488
2018-03-06,2.8926777035476334
2018-03-07,17.612879279035496
2018-03-08,34.63870774847646
2018-03-09,5.734316753651456
2018-03-12,15.842684649585863
2018-03-13,-27.748907239174514
2018-03-14,-8.15229805479612
2018-03-15,19.23429925339542
2018-03-16,22.2625913296597
2018-03-19,-37.754950165283844
2018-03-20,17.169201848043485
2018-03-21,-12.114648961689
2018-03-22,-55.73445464332735
2018-03-23,-50.364877101890215
2018-03-26,-23.868166271786322
2018-03-27,35.65998534910659
2018-03-28,12.177385508946827
2018-03-29,28.92850361627825
2018-04-03,-12.180767667102828
2018-04-04,-4.225186012142785
2018-04-05,93.01799294646844
2018-04-06,-20.124466955613116
2018-04-09,6.280905911113678
2018-04-10,25.48990616061519
2018-04-11,-16.83082479598852
2018-04-12,29.880923707413785
2018-04-13,1.7788041573185183
2018-04-16,-9.907271476141432
2018-04-17,38.149118225633174
2018-04-18,17.31954147968281
2018-04-19,-0.4470466202174066
2018-04-20,6.161473387724982
2018-04-23,16.26293394557797
2018-04-24,1.2838133548007136
2018-04-25,-21.029308169075193
2018-04-26,19.282497139383395
2018-04-27,9.76334164819582
2018-04-30,17.336576414076262
2018-05-02,21.335478491678714
2018-05-03,-22.097114575849446
2018-05-04,21.394614748793174
2018-05-07,12.624603527961881
2018-05-08,-5.732910863316647
2018-05-09,14.660228464138527
2018-05-11,-4.060172639150551
2018-05-14,0.15738800268718478
2018-05-15,-1.7073974089039439
2018-05-16,-1.648852579110553
2018-05-17,30.40491452509241
2018-05-18,-17.445512351673642
2018-05-22,12.764793959760482
2018-05-23,-44.71503478686327
2018-05-24,-22.07019166217151
2018-05-25,-5.88289654919754
2018-05-28,-36.74775691904051
2018-05-29,-56.79857373118875
2018-05-30,7.278893644376694
2018-05-31,-35.20337362528244
2018-06-01,44.981971645551766
2018-06-04,16.81617429529615
2018-06-05,-15.560697494642682
2018-06-06,7.234768604628243
2018-06-07,-0.48709096253242024
2018-06-08,-9.514179270839577
2018-06-11,30.681750591279524
2018-06-12,-6.160377798859827
2018-06-13,4.368609409328656
2018-06-14,51.38128642754691
2018-06-15,-19.62420511424625
2018-06-18,-38.34202131987331
2018-06-19,-34.50956611690799
2018-06-20,1.7101420170374695
2018-06-21,-34.03074555418334
2018-06-22,34.48175759337391
2018-06-25,-74.93316562665814
2018-06-26,-6.177673088238407
2018-06-27,31.800555683157654
2018-06-28,-32.16538083587602
2018-06-29,30.516705488907974
2018-07-02,-28.739871529931406
2018-07-03,33.617888212023445
2018-07-04,12.518549321562205
2018-07-05,29.631415395098884
2018-07-06,8.737087172397423
2018-07-09,8.261056846454267
2018-07-10,18.068942115913615
2018-07-11,-46.76871033508405
2018-07-12,23.04776672592334
2018-07-13,5.065083907911685
2018-07-16,-7.990265136641938
2018-07-17,12.229449522876166
2018-07-18,28.801581469260782
2018-07-19,-11.297789129609555
2018-07-20,-13.906720645440146
2018-07-23,-6.793201125657106
2018-07-24,30.055702136457512
2018-07-25,-11.113030467144199
2018-07-26,38.66086843297035
2018-07-27,17.638332183360035
2018-07-30,-13.936137660468376
2018-07-31,18.787666977676054
2018-08-02,-55.56425524471206
2018-08-03,9.883097144056592
2018-08-06,-1.6076514706378475
2018-08-07,19.405875765471592
2018-08-08,-6.138112996542077
2018-08-09,-1.460043370161202
2018-08-10,-67.4989055193937
2018-08-13,-21.21224335947545
2018-08-14,-0.17353494662165758
2018-08-15,-53.40201697861312
2018-08-16,15.385618485204304
2018-08-17,-9.129552398273063
2018-08-20,20.363510028115343
2018-08-21,22.245428113335947
2018-08-22,8.271503803708129
2018-08-23,-0.004544949426872336
2018-08-24,7.297458119454859
2018-08-27,31.6387440114554
2018-08-28,-5.435299241575194
2018-08-29,8.4904669569014
2018-08-30,-26.285965393805327
2018-08-31,-39.175703223531855
2018-09-03,3.213508017202912
2018-09-04,-37.345342874731614
2018-09-05,-47.913232540399804
2018-09-06,-25.126134389334766
2018-09-07,-5.800423879477421
2018-09-10,17.07999568667492
2018-09-11,1.721044911736044
2018-09-12,11.978497193162639
2018-09-13,6.920442349526638
2018-09-14,14.196465475417426
2018-09-17,5.767502157057152
2018-09-18,11.37688562683934
2018-09-19,8.48769323989427
2018-09-20,34.98715512874287
2018-09-21,33.065623491131646
2018-09-24,-16.70267180064866
2018-09-25,8.841136633376209
2018-09-26,11.962995006719211
2018-09-27,18.612323819433186
2018-09-28,-46.187025598741
2018-10-01,12.109859840938498
2018-10-02,-26.998662897416125
2018-10-03,13.61097450464058
2018-10-04,-26.760854396523428
2018-10-05,-33.014934837529836
2018-10-08,-37.04872312636235
2018-10-09,6.176700536532735
2018-10-10,-53.82077415086178
2018-10-11,-61.56944992759372
2018-10-12,-18.95574442201041
2018-10-15,9.625293068933388
2018-10-16,47.370201652080596
2018-10-17,-13.227925289484574
2018-10-18,-31.917740368126488
2018-10-19,-1.375856241118072
2018-10-22,-20.316571527280757
2018-10-23,-48.55772374067874
2018-10-24,-15.758259550732873
2018-10-25,28.484839710902634
2018-10-26,-28.91989538870712
2018-10-29,21.597559822459516
2018-10-30,-7.353891145123725
2018-10-31,47.34966093026833
2018-11-01,10.420325752724239
2018-11-02,11.08974802726243
2018-11-05,7.6935316441972645
2018-11-06,-11.101796414626278
2018-11-07,40.03524435159352
2018-11-08,-7.892199419915869
2018-11-09,-7.008012240200969
2018-11-12,-34.64083151108025
2018-11-13,27.936246051229773
